{
  "paths": {
    "csv_path": "/content/drive/MyDrive/RL_Practice_Files/good_cvs_20250915_0000/run_01/cv_20250915_000501/cv_per_seq.csv",
    "feature_stats_path": "/content/drive/MyDrive/RL_Practice_Files/good_cvs_20250915_0000/run_01/cv_20250915_000501/cv_feature_stats.csv",
    "summary_path": "/content/drive/MyDrive/RL_Practice_Files/good_cvs_20250915_0000/run_01/cv_20250915_000501/cv_summary.json",
    "plot_wjlogp_sum": "/content/drive/MyDrive/RL_Practice_Files/good_cvs_20250915_0000/run_01/cv_20250915_000501/scatter_wjlogp_sum.png",
    "plot_var_logp": "/content/drive/MyDrive/RL_Practice_Files/good_cvs_20250915_0000/run_01/cv_20250915_000501/scatter_var_logp.png",
    "plot_mean_logp": "/content/drive/MyDrive/RL_Practice_Files/good_cvs_20250915_0000/run_01/cv_20250915_000501/scatter_mean_logp.png",
    "plot_hist_yi": "/content/drive/MyDrive/RL_Practice_Files/good_cvs_20250915_0000/run_01/cv_20250915_000501/hist_yi.png"
  },
  "summary": {
    "n_seqs": 512,
    "normalization": "per_token",
    "mean_gdotv": -0.8398758566728275,
    "var_gdotv": 74.59276329899764,
    "corr": {
      "length_log": 0.014441295041922058,
      "sum_w": -0.04895467532686912,
      "sum_w2": -0.05929574482649404,
      "rb_entropy_sum": -0.11415268117269702,
      "var_logp": -0.29299014685236974
    },
    "ols_beta": {
      "length_log": -1.8956881051334153,
      "sum_w": 0.0023217716638696106,
      "sum_w2": -8.380459101199209e-06,
      "rb_entropy_sum": -0.09657124160535567,
      "var_logp": -3.7828230806834457
    },
    "var_after_cv": {
      "length_log": 0.9997914489975124,
      "sum_w": 0.997603439763641,
      "sum_w2": 0.9964840146454714,
      "rb_entropy_sum": 0.9869691653810844,
      "var_logp": 0.9141567738474268
    },
    "var_after_cv_joint": 0.8994333997987563,
    "diagnostics": {
      "features": [
        "length_log",
        "sum_w",
        "sum_w2",
        "rb_entropy_sum",
        "var_logp"
      ],
      "features_all": [
        "length",
        "sum_logp",
        "mean_logp",
        "var_logp",
        "max_logp",
        "min_logp",
        "surprisal_sum",
        "surprisal_mean",
        "length_inv",
        "length_log",
        "rb_entropy_sum",
        "rb_entropy_mean",
        "sum_w",
        "sum_w2",
        "sum_w_abs",
        "wjlogp_sum",
        "jH_sum",
        "sum_abs_jlogp",
        "mean_abs_jlogp",
        "token_share",
        "length_x_surprisal_mean",
        "length_x_rb_entropy_mean"
      ],
      "ridge": 1e-08,
      "crossfit_folds": 0,
      "y_mean": -0.8398758566728275,
      "gdotv_batch": -430.0164386164877,
      "var_batch": 0.14568899081835476,
      "se_batch": 0.3816922724111071,
      "se_batch_after_cv": {
        "length_log": 0.3816524691827215,
        "sum_w": 0.3812346237897133,
        "sum_w2": 0.3810206693347769,
        "rb_entropy_sum": 0.37919723320879345,
        "var_logp": 0.3649418828136811
      },
      "se_batch_after_cv_joint": 0.3619910832120076,
      "all_features_stats": {
        "corr": {
          "length": 0.014683409703762538,
          "sum_logp": 0.1946830245162393,
          "mean_logp": 0.26093059859499657,
          "var_logp": -0.29299014685236974,
          "max_logp": 0.1449181928339014,
          "min_logp": 0.16184409314504772,
          "surprisal_sum": -0.1946830245162393,
          "surprisal_mean": -0.26093059859499657,
          "length_inv": -0.013302261741627651,
          "length_log": 0.014441295041922058,
          "rb_entropy_sum": -0.11415268117269702,
          "rb_entropy_mean": -0.17419184461213277,
          "sum_w": -0.04895467532686912,
          "sum_w2": -0.05929574482649404,
          "sum_w_abs": -0.04895467532686912,
          "wjlogp_sum": 0.99888287642481,
          "jH_sum": -0.22910657468893258,
          "sum_abs_jlogp": 0.010021303200949678,
          "mean_abs_jlogp": -0.02358502279240821,
          "token_share": 0.014683409703762546,
          "length_x_surprisal_mean": -0.1946830245162393,
          "length_x_rb_entropy_mean": -0.11415268117269703
        },
        "var_ratio_single": {
          "length": 0.9997843974794716,
          "sum_logp": 0.9620985199652092,
          "mean_logp": 0.9319152227168568,
          "var_logp": 0.9141567738474268,
          "max_logp": 0.9789998805960523,
          "min_logp": 0.9738064895140571,
          "surprisal_sum": 0.9620985199652092,
          "surprisal_mean": 0.9319152227168568,
          "length_inv": 0.9998230498325575,
          "length_log": 0.9997914489975124,
          "rb_entropy_sum": 0.9869691653810844,
          "rb_entropy_mean": 0.9696572012706225,
          "sum_w": 0.997603439763641,
          "sum_w2": 0.9964840146454714,
          "sum_w_abs": 0.997603439763641,
          "wjlogp_sum": 0.0022329991852979014,
          "jH_sum": 0.9475101774343045,
          "sum_abs_jlogp": 0.9998995734821545,
          "mean_abs_jlogp": 0.9994437466998817,
          "token_share": 0.9997843974801298,
          "length_x_surprisal_mean": 0.9620985199652092,
          "length_x_rb_entropy_mean": 0.9869691653810846
        },
        "se_after_single": {
          "length": 0.38165112328502465,
          "sum_logp": 0.37438905224587443,
          "mean_logp": 0.3684695215698053,
          "var_logp": 0.3649418828136811,
          "max_logp": 0.3776632158621338,
          "min_logp": 0.3766601713875091,
          "surprisal_sum": 0.37438905224587443,
          "surprisal_mean": 0.3684695215698053,
          "length_inv": 0.38165850066130447,
          "length_log": 0.3816524691827215,
          "rb_entropy_sum": 0.37919723320879345,
          "rb_entropy_mean": 0.3758568598454301,
          "sum_w": 0.3812346237897133,
          "sum_w2": 0.3810206693347769,
          "sum_w_abs": 0.3812346237897133,
          "wjlogp_sum": 0.018036723588397634,
          "jH_sum": 0.3715397711423692,
          "sum_abs_jlogp": 0.3816731059169855,
          "mean_abs_jlogp": 0.38158609885112577,
          "token_share": 0.3816511232851503,
          "length_x_surprisal_mean": 0.37438905224587443,
          "length_x_rb_entropy_mean": 0.37919723320879345
        },
        "rank_top_abs_corr": [
          "wjlogp_sum",
          "var_logp",
          "mean_logp",
          "surprisal_mean",
          "jH_sum",
          "sum_logp",
          "surprisal_sum",
          "length_x_surprisal_mean",
          "rb_entropy_mean",
          "min_logp",
          "max_logp",
          "length_x_rb_entropy_mean",
          "rb_entropy_sum",
          "sum_w2",
          "sum_w",
          "sum_w_abs",
          "mean_abs_jlogp",
          "token_share",
          "length",
          "length_log",
          "length_inv",
          "sum_abs_jlogp"
        ],
        "rank_top_var_reduction": [
          "wjlogp_sum",
          "var_logp",
          "mean_logp",
          "surprisal_mean",
          "jH_sum",
          "sum_logp",
          "surprisal_sum",
          "length_x_surprisal_mean",
          "rb_entropy_mean",
          "min_logp",
          "max_logp",
          "rb_entropy_sum",
          "length_x_rb_entropy_mean",
          "sum_w2",
          "sum_w",
          "sum_w_abs",
          "mean_abs_jlogp",
          "length",
          "token_share",
          "length_log",
          "length_inv",
          "sum_abs_jlogp"
        ]
      },
      "meta": {
        "B_total": 512,
        "T_total": 51960,
        "scale": 1.924557351809084e-05,
        "normalization": "per_token",
        "baseline_kind": "hk_ema",
        "total_tokens_used": 51960
      }
    }
  },
  "v_stats": {
    "method": "adamw_from_grads",
    "vec_norm": 2411.534369228418,
    "num_params": 392,
    "avg_mb_loss": -0.0003005697400482177,
    "num_microbatches": 64,
    "amp": {
      "enabled": false,
      "dtype": "bfloat16"
    }
  },
  "timing_sec": {
    "total": 552.9574439525604,
    "sampling": 214.75726199150085,
    "update_vector": 22.250307083129883,