{
  "paths": {
    "csv_path": "/content/drive/MyDrive/RL_Practice_Files/good_cvs_20250915_0000/run_07/cv_20250915_010021/cv_per_seq.csv",
    "feature_stats_path": "/content/drive/MyDrive/RL_Practice_Files/good_cvs_20250915_0000/run_07/cv_20250915_010021/cv_feature_stats.csv",
    "summary_path": "/content/drive/MyDrive/RL_Practice_Files/good_cvs_20250915_0000/run_07/cv_20250915_010021/cv_summary.json",
    "plot_wjlogp_sum": "/content/drive/MyDrive/RL_Practice_Files/good_cvs_20250915_0000/run_07/cv_20250915_010021/scatter_wjlogp_sum.png",
    "plot_jH_sum": "/content/drive/MyDrive/RL_Practice_Files/good_cvs_20250915_0000/run_07/cv_20250915_010021/scatter_jH_sum.png",
    "plot_var_logp": "/content/drive/MyDrive/RL_Practice_Files/good_cvs_20250915_0000/run_07/cv_20250915_010021/scatter_var_logp.png",
    "plot_hist_yi": "/content/drive/MyDrive/RL_Practice_Files/good_cvs_20250915_0000/run_07/cv_20250915_010021/hist_yi.png"
  },
  "summary": {
    "n_seqs": 512,
    "normalization": "per_token",
    "mean_gdotv": -0.8600305603663124,
    "var_gdotv": 93.3617183432993,
    "corr": {
      "length_log": 0.03486023850235466,
      "sum_w": 0.023759083115799186,
      "sum_w2": 0.02598324844732497,
      "rb_entropy_sum": -0.027515299322813495,
      "var_logp": -0.19394284379874346
    },
    "ols_beta": {
      "length_log": -2.302662011647234,
      "sum_w": 0.001925741986072482,
      "sum_w2": -5.834666851035477e-07,
      "rb_entropy_sum": -0.0849271079320389,
      "var_logp": -3.680847288664103
    },
    "var_after_cv": {
      "length_log": 0.998784763771559,
      "sum_w": 0.9994355059694964,
      "sum_w2": 0.9993248708001247,
      "rb_entropy_sum": 0.999242908303176,
      "var_logp": 0.9623861733392561
    },
    "var_after_cv_joint": 0.9419324870959542,
    "diagnostics": {
      "features": [
        "length_log",
        "sum_w",
        "sum_w2",
        "rb_entropy_sum",
        "var_logp"
      ],
      "features_all": [
        "length",
        "sum_logp",
        "mean_logp",
        "var_logp",
        "max_logp",
        "min_logp",
        "surprisal_sum",
        "surprisal_mean",
        "length_inv",
        "length_log",
        "rb_entropy_sum",
        "rb_entropy_mean",
        "sum_w",
        "sum_w2",
        "sum_w_abs",
        "wjlogp_sum",
        "jH_sum",
        "sum_abs_jlogp",
        "mean_abs_jlogp",
        "token_share",
        "length_x_surprisal_mean",
        "length_x_rb_entropy_mean"
      ],
      "ridge": 1e-08,
      "crossfit_folds": 0,
      "y_mean": -0.8600305603663124,
      "gdotv_batch": -440.33564690755196,
      "var_batch": 0.18234710613925645,
      "se_batch": 0.4270212010418879,
      "se_batch_after_cv": {
        "length_log": 0.4267616563489797,
        "sum_w": 0.42690065856866655,
        "sum_w2": 0.4268770294632742,
        "rb_entropy_sum": 0.42685952333204247,
        "var_logp": 0.4189132770596394
      },
      "se_batch_after_cv_joint": 0.41443776758459133,
      "all_features_stats": {
        "corr": {
          "length": 0.04289160094298865,
          "sum_logp": 0.08558211037765237,
          "mean_logp": 0.14698318522396772,
          "var_logp": -0.19394284379874346,
          "max_logp": 0.025917934509527764,
          "min_logp": 0.10960172294565163,
          "surprisal_sum": -0.08558211037765237,
          "surprisal_mean": -0.14698318522396772,
          "length_inv": -0.02901119557573273,
          "length_log": 0.03486023850235466,
          "rb_entropy_sum": -0.027515299322813495,
          "rb_entropy_mean": -0.07241372061955849,
          "sum_w": 0.023759083115799186,
          "sum_w2": 0.02598324844732497,
          "sum_w_abs": 0.023759083115799186,
          "wjlogp_sum": 0.9991971789581799,
          "jH_sum": -0.19685483062307702,
          "sum_abs_jlogp": -0.005179649468427761,
          "mean_abs_jlogp": -0.04812204418632941,
          "token_share": 0.04289160094298862,
          "length_x_surprisal_mean": -0.0855821103776524,
          "length_x_rb_entropy_mean": -0.027515299322813484
        },
        "var_ratio_single": {
          "length": 0.9981603105685473,
          "sum_logp": 0.9926757023833073,
          "mean_logp": 0.9783959432614167,
          "var_logp": 0.9623861733392561,
          "max_logp": 0.9993287568941724,
          "min_logp": 0.9879874623273445,
          "surprisal_sum": 0.9926757023833073,
          "surprisal_mean": 0.9783959432614167,
          "length_inv": 0.9991583505312681,
          "length_log": 0.998784763771559,
          "rb_entropy_sum": 0.999242908303176,
          "rb_entropy_mean": 0.9947562530660323,
          "sum_w": 0.9994355059694964,
          "sum_w2": 0.9993248708001247,
          "sum_w_abs": 0.9994355059694964,
          "wjlogp_sum": 0.0016049975620146164,
          "jH_sum": 0.9612481756603597,
          "sum_abs_jlogp": 0.9999731712313841,
          "mean_abs_jlogp": 0.997684268863329,
          "token_share": 0.9981603105745228,
          "length_x_surprisal_mean": 0.9926757023833073,
          "length_x_rb_entropy_mean": 0.999242908303176
        },
        "se_after_single": {
          "length": 0.4266282270258686,
          "sum_logp": 0.4254545118627253,
          "mean_logp": 0.42238331987912053,
          "var_logp": 0.4189132770596394,
          "max_logp": 0.42687785946496787,
          "min_logp": 0.42444864784477626,
          "surprisal_sum": 0.4254545118627253,
          "surprisal_mean": 0.42238331987912053,
          "length_inv": 0.42684146213114016,
          "length_log": 0.4267616563489797,
          "rb_entropy_sum": 0.42685952333204247,
          "rb_entropy_mean": 0.4259001339052629,
          "sum_w": 0.42690065856866655,
          "sum_w2": 0.4268770294632742,
          "sum_w_abs": 0.42690065856866655,
          "wjlogp_sum": 0.01710750305549957,
          "jH_sum": 0.4186655265403473,
          "sum_abs_jlogp": 0.42701547277696866,
          "mean_abs_jlogp": 0.4265264813207826,
          "token_share": 0.4266282270271456,
          "length_x_surprisal_mean": 0.4254545118627253,
          "length_x_rb_entropy_mean": 0.42685952333204247
        },
        "rank_top_abs_corr": [
          "wjlogp_sum",
          "jH_sum",
          "var_logp",
          "mean_logp",
          "surprisal_mean",
          "min_logp",
          "length_x_surprisal_mean",
          "sum_logp",
          "surprisal_sum",
          "rb_entropy_mean",
          "mean_abs_jlogp",
          "length",
          "token_share",
          "length_log",
          "length_inv",
          "rb_entropy_sum",
          "length_x_rb_entropy_mean",
          "sum_w2",
          "max_logp",
          "sum_w",
          "sum_w_abs",
          "sum_abs_jlogp"
        ],
        "rank_top_var_reduction": [
          "wjlogp_sum",
          "jH_sum",
          "var_logp",
          "mean_logp",
          "surprisal_mean",
          "min_logp",
          "sum_logp",
          "surprisal_sum",
          "length_x_surprisal_mean",
          "rb_entropy_mean",
          "mean_abs_jlogp",
          "length",
          "token_share",
          "length_log",
          "length_inv",
          "rb_entropy_sum",
          "length_x_rb_entropy_mean",
          "sum_w2",
          "max_logp",
          "sum_w",
          "sum_w_abs",
          "sum_abs_jlogp"
        ]
      },
      "meta": {
        "B_total": 512,
        "T_total": 52500,
        "scale": 1.9047619047619046e-05,
        "normalization": "per_token",
        "baseline_kind": "hk_ema",
        "total_tokens_used": 52500
      }
    }
  },
  "v_stats": {
    "method": "adamw_from_grads",
    "vec_norm": 2458.975670714321,
    "num_params": 392,
    "avg_mb_loss": -0.00020556984861741512,
    "num_microbatches": 64,
    "amp": {
      "enabled": false,
      "dtype": "bfloat16"
    }
  },
  "timing_sec": {
    "total": 554.4927709102631,
    "sampling": 218.21783208847046,
    "update_vector": 20.98288059234619,