{
  "reward": -0.11377287565791946,
  "advantage": -0.0014599906167260725,
  "total_logprob": -0.09116984427850121,
  "total_logq": -0.09116983476192275,
  "response_len": 0.08776993976975751,
  "prompt_len": -0.43003547255996766,
  "mean_entropy": 0.06158378304484729,
  "max_entropy": -0.02352989998918662,
  "min_entropy": -0.056890363653900884,
  "std_entropy": 0.02126731054362559,
  "mean_logprob": -0.06158378304484729,
  "max_logprob": 0.056890363653900884,
  "min_logprob": 0.02352989998918662,
  "std_logprob": 0.02126731054362559,
  "influence": -0.9990914140887744
}