{
  "paths": {
    "csv_path": "/content/drive/MyDrive/RL_Practice_Files/good_cvs_20250915_0000/run_06/cv_20250915_005106/cv_per_seq.csv",
    "feature_stats_path": "/content/drive/MyDrive/RL_Practice_Files/good_cvs_20250915_0000/run_06/cv_20250915_005106/cv_feature_stats.csv",
    "summary_path": "/content/drive/MyDrive/RL_Practice_Files/good_cvs_20250915_0000/run_06/cv_20250915_005106/cv_summary.json",
    "plot_wjlogp_sum": "/content/drive/MyDrive/RL_Practice_Files/good_cvs_20250915_0000/run_06/cv_20250915_005106/scatter_wjlogp_sum.png",
    "plot_var_logp": "/content/drive/MyDrive/RL_Practice_Files/good_cvs_20250915_0000/run_06/cv_20250915_005106/scatter_var_logp.png",
    "plot_mean_logp": "/content/drive/MyDrive/RL_Practice_Files/good_cvs_20250915_0000/run_06/cv_20250915_005106/scatter_mean_logp.png",
    "plot_hist_yi": "/content/drive/MyDrive/RL_Practice_Files/good_cvs_20250915_0000/run_06/cv_20250915_005106/hist_yi.png"
  },
  "summary": {
    "n_seqs": 512,
    "normalization": "per_token",
    "mean_gdotv": -0.8881117897862061,
    "var_gdotv": 249.6423430315194,
    "corr": {
      "length_log": -0.012436758941219081,
      "sum_w": -0.07154628610547635,
      "sum_w2": -0.06928466046461071,
      "rb_entropy_sum": -0.07896945899954129,
      "var_logp": -0.18343545856369195
    },
    "ols_beta": {
      "length_log": 2.5959342734462907,
      "sum_w": -0.0026472005475931563,
      "sum_w2": 1.212531109406343e-05,
      "rb_entropy_sum": 0.12186711294081275,
      "var_logp": -4.885915713274926
    },
    "var_after_cv": {
      "length_log": 0.999845327027038,
      "sum_w": 0.9948811289445132,
      "sum_w2": 0.9951996358243036,
      "rb_entropy_sum": 0.9937638245453198,
      "var_logp": 0.966351432541528
    },
    "var_after_cv_joint": 0.9621878466941173,
    "diagnostics": {
      "features": [
        "length_log",
        "sum_w",
        "sum_w2",
        "rb_entropy_sum",
        "var_logp"
      ],
      "features_all": [
        "length",
        "sum_logp",
        "mean_logp",
        "var_logp",
        "max_logp",
        "min_logp",
        "surprisal_sum",
        "surprisal_mean",
        "length_inv",
        "length_log",
        "rb_entropy_sum",
        "rb_entropy_mean",
        "sum_w",
        "sum_w2",
        "sum_w_abs",
        "wjlogp_sum",
        "jH_sum",
        "sum_abs_jlogp",
        "mean_abs_jlogp",
        "token_share",
        "length_x_surprisal_mean",
        "length_x_rb_entropy_mean"
      ],
      "ridge": 1e-08,
      "crossfit_folds": 0,
      "y_mean": -0.8881117897862061,
      "gdotv_batch": -454.7132363705375,
      "var_batch": 0.48758270123343633,
      "se_batch": 0.6982712232603004,
      "se_batch_after_cv": {
        "length_log": 0.6982172193289647,
        "sum_w": 0.696481750124823,
        "sum_w2": 0.6965932290094026,
        "rb_entropy_sum": 0.6960905472421514,
        "var_logp": 0.6864227864948825
      },
      "se_batch_after_cv_joint": 0.6849424423884837,
      "all_features_stats": {
        "corr": {
          "length": -0.020826970658802537,
          "sum_logp": 0.14909328282004558,
          "mean_logp": 0.1708833666322149,
          "var_logp": -0.18343545856369195,
          "max_logp": 0.06517133959513811,
          "min_logp": 0.09947175705882212,
          "surprisal_sum": -0.14909328282004558,
          "surprisal_mean": -0.1708833666322149,
          "length_inv": 0.004547460246500489,
          "length_log": -0.012436758941219081,
          "rb_entropy_sum": -0.07896945899954129,
          "rb_entropy_mean": -0.08863092321205002,
          "sum_w": -0.07154628610547635,
          "sum_w2": -0.06928466046461071,
          "sum_w_abs": -0.07154628610547635,
          "wjlogp_sum": 0.9996747397196112,
          "jH_sum": -0.13915870736876007,
          "sum_abs_jlogp": -0.08672630218296531,
          "mean_abs_jlogp": -0.05854652258651085,
          "token_share": -0.020826970658802544,
          "length_x_surprisal_mean": -0.14909328282004555,
          "length_x_rb_entropy_mean": -0.07896945899954129
        },
        "var_ratio_single": {
          "length": 0.9995662372931774,
          "sum_logp": 0.9777711930179418,
          "mean_logp": 0.97079887500844,
          "var_logp": 0.966351432541528,
          "max_logp": 0.9957540745932224,
          "min_logp": 0.9901053695476306,
          "surprisal_sum": 0.9777711930179418,
          "surprisal_mean": 0.97079887500844,
          "length_inv": 0.9999793206053066,
          "length_log": 0.999845327027038,
          "rb_entropy_sum": 0.9937638245453198,
          "rb_entropy_mean": 0.9921445594505797,
          "sum_w": 0.9948811289445132,
          "sum_w2": 0.9951996358243036,
          "sum_w_abs": 0.9948811289445132,
          "wjlogp_sum": 0.0006504147665275749,
          "jH_sum": 0.9806348541634557,
          "sum_abs_jlogp": 0.9924785485096689,
          "mean_abs_jlogp": 0.9965723046930273,
          "token_share": 0.9995662372944673,
          "length_x_surprisal_mean": 0.9777711930179418,
          "length_x_rb_entropy_mean": 0.9937638245453198
        },
        "se_after_single": {
          "length": 0.698119764826315,
          "sum_logp": 0.690466740314063,
          "mean_logp": 0.6880005362141779,
          "var_logp": 0.6864227864948825,
          "max_logp": 0.6967872426030517,
          "min_logp": 0.6948080674472364,
          "surprisal_sum": 0.690466740314063,
          "surprisal_mean": 0.6880005362141779,
          "length_inv": 0.6982640033098597,
          "length_log": 0.6982172193289647,
          "rb_entropy_sum": 0.6960905472421514,
          "rb_entropy_mean": 0.6955232018494936,
          "sum_w": 0.696481750124823,
          "sum_w2": 0.6965932290094026,
          "sum_w_abs": 0.696481750124823,
          "wjlogp_sum": 0.017808171966421198,
          "jH_sum": 0.6914771081653207,
          "sum_abs_jlogp": 0.6956402601909872,
          "mean_abs_jlogp": 0.6970734654946044,
          "token_share": 0.6981197648267655,
          "length_x_surprisal_mean": 0.690466740314063,
          "length_x_rb_entropy_mean": 0.6960905472421514
        },
        "rank_top_abs_corr": [
          "wjlogp_sum",
          "var_logp",
          "mean_logp",
          "surprisal_mean",
          "sum_logp",
          "surprisal_sum",
          "length_x_surprisal_mean",
          "jH_sum",
          "min_logp",
          "rb_entropy_mean",
          "sum_abs_jlogp",
          "rb_entropy_sum",
          "length_x_rb_entropy_mean",
          "sum_w",
          "sum_w_abs",
          "sum_w2",
          "max_logp",
          "mean_abs_jlogp",
          "token_share",
          "length",
          "length_log",
          "length_inv"
        ],
        "rank_top_var_reduction": [
          "wjlogp_sum",
          "var_logp",
          "mean_logp",
          "surprisal_mean",
          "sum_logp",
          "surprisal_sum",
          "length_x_surprisal_mean",
          "jH_sum",
          "min_logp",
          "rb_entropy_mean",
          "sum_abs_jlogp",
          "rb_entropy_sum",
          "length_x_rb_entropy_mean",
          "sum_w",
          "sum_w_abs",
          "sum_w2",
          "max_logp",
          "mean_abs_jlogp",
          "length",
          "token_share",
          "length_log",
          "length_inv"
        ]
      },
      "meta": {
        "B_total": 512,
        "T_total": 51899,
        "scale": 1.9268193992177112e-05,
        "normalization": "per_token",
        "baseline_kind": "hk_ema",
        "total_tokens_used": 51899
      }
    }
  },
  "v_stats": {
    "method": "adamw_from_grads",
    "vec_norm": 2434.013535075439,
    "num_params": 392,
    "avg_mb_loss": -0.00023332579611690107,
    "num_microbatches": 64,
    "amp": {
      "enabled": false,
      "dtype": "bfloat16"
    }
  },
  "timing_sec": {
    "total": 555.0117852687836,
    "sampling": 218.25173568725586,
    "update_vector": 20.90456485748291,
    "cv_analysis": 309.0589418411255
  },