{
  "paths": {
    "csv_path": "/content/drive/MyDrive/RL_Practice_Files/good_cvs_20250915_0000/run_05/cv_20250915_004151/cv_per_seq.csv",
    "feature_stats_path": "/content/drive/MyDrive/RL_Practice_Files/good_cvs_20250915_0000/run_05/cv_20250915_004151/cv_feature_stats.csv",
    "summary_path": "/content/drive/MyDrive/RL_Practice_Files/good_cvs_20250915_0000/run_05/cv_20250915_004151/cv_summary.json",
    "plot_wjlogp_sum": "/content/drive/MyDrive/RL_Practice_Files/good_cvs_20250915_0000/run_05/cv_20250915_004151/scatter_wjlogp_sum.png",
    "plot_mean_logp": "/content/drive/MyDrive/RL_Practice_Files/good_cvs_20250915_0000/run_05/cv_20250915_004151/scatter_mean_logp.png",
    "plot_surprisal_mean": "/content/drive/MyDrive/RL_Practice_Files/good_cvs_20250915_0000/run_05/cv_20250915_004151/scatter_surprisal_mean.png",
    "plot_hist_yi": "/content/drive/MyDrive/RL_Practice_Files/good_cvs_20250915_0000/run_05/cv_20250915_004151/hist_yi.png"
  },
  "summary": {
    "n_seqs": 512,
    "normalization": "per_token",
    "mean_gdotv": -1.0928502045351518,
    "var_gdotv": 223.54364752047275,
    "corr": {
      "length_log": 0.03527637921546215,
      "sum_w": -0.11605155068687292,
      "sum_w2": -0.15961107778062833,
      "rb_entropy_sum": -0.12761566611923011,
      "var_logp": -0.258257315621263
    },
    "ols_beta": {
      "length_log": 3.0092308575778244,
      "sum_w": 0.0015971785857151737,
      "sum_w2": -3.58015585940179e-05,
      "rb_entropy_sum": 0.058412922655931454,
      "var_logp": -5.947119875607914
    },
    "var_after_cv": {
      "length_log": 0.9987555770694467,
      "sum_w": 0.986532037583172,
      "sum_w2": 0.9745243038497062,
      "rb_entropy_sum": 0.983714241760945,
      "var_logp": 0.9333031589280993
    },
    "var_after_cv_joint": 0.9079265339087129,
    "diagnostics": {
      "features": [
        "length_log",
        "sum_w",
        "sum_w2",
        "rb_entropy_sum",
        "var_logp"
      ],
      "features_all": [
        "length",
        "sum_logp",
        "mean_logp",
        "var_logp",
        "max_logp",
        "min_logp",
        "surprisal_sum",
        "surprisal_mean",
        "length_inv",
        "length_log",
        "rb_entropy_sum",
        "rb_entropy_mean",
        "sum_w",
        "sum_w2",
        "sum_w_abs",
        "wjlogp_sum",
        "jH_sum",
        "sum_abs_jlogp",
        "mean_abs_jlogp",
        "token_share",
        "length_x_surprisal_mean",
        "length_x_rb_entropy_mean"
      ],
      "ridge": 1e-08,
      "crossfit_folds": 0,
      "y_mean": -1.0928502045351518,
      "gdotv_batch": -559.5393047219977,
      "var_batch": 0.43660868656342333,
      "se_batch": 0.6607637146237855,
      "se_batch_after_cv": {
        "length_log": 0.6603524518786805,
        "sum_w": 0.6562990607809267,
        "sum_w2": 0.652292707553867,
        "rb_entropy_sum": 0.6553611088926319,
        "var_logp": 0.638348076197533
      },
      "se_batch_after_cv_joint": 0.6296098883165389,
      "all_features_stats": {
        "corr": {
          "length": 0.029745495618462677,
          "sum_logp": 0.20482274843546996,
          "mean_logp": 0.25839703660495594,
          "var_logp": -0.258257315621263,
          "max_logp": 0.1845836281708362,
          "min_logp": 0.13510934787686055,
          "surprisal_sum": -0.20482274843546996,
          "surprisal_mean": -0.25839703660495594,
          "length_inv": -0.03816044246667061,
          "length_log": 0.03527637921546215,
          "rb_entropy_sum": -0.12761566611923011,
          "rb_entropy_mean": -0.17879464486240557,
          "sum_w": -0.11605155068687292,
          "sum_w2": -0.15961107778062833,
          "sum_w_abs": -0.11605155068687292,
          "wjlogp_sum": 0.9994035708730004,
          "jH_sum": -0.21667016190803404,
          "sum_abs_jlogp": -0.022784923161084342,
          "mean_abs_jlogp": -0.04999287144502925,
          "token_share": 0.029745495618462698,
          "length_x_surprisal_mean": -0.20482274843546994,
          "length_x_rb_entropy_mean": -0.1276156661192301
        },
        "var_ratio_single": {
          "length": 0.9991152054904119,
          "sum_logp": 0.9580476417233402,
          "mean_logp": 0.9332309714737771,
          "var_logp": 0.9333031589280993,
          "max_logp": 0.9659707041714093,
          "min_logp": 0.9817454641162894,
          "surprisal_sum": 0.9580476417233402,
          "surprisal_mean": 0.9332309714737771,
          "length_inv": 0.9985437806307517,
          "length_log": 0.9987555770694467,
          "rb_entropy_sum": 0.983714241760945,
          "rb_entropy_mean": 0.9680324749685262,
          "sum_w": 0.986532037583172,
          "sum_w2": 0.9745243038497062,
          "sum_w_abs": 0.986532037583172,
          "wjlogp_sum": 0.0011925025262955657,
          "jH_sum": 0.9530540409387462,
          "sum_abs_jlogp": 0.9994808472765435,
          "mean_abs_jlogp": 0.9975007128046808,
          "token_share": 0.9991152054937481,
          "length_x_surprisal_mean": 0.9580476417233402,
          "length_x_rb_entropy_mean": 0.983714241760945
        },
        "se_after_single": {
          "length": 0.6604713298809521,
          "sum_logp": 0.6467549168873884,
          "mean_logp": 0.6383233888206458,
          "var_logp": 0.638348076197533,
          "max_logp": 0.6494237448746575,
          "min_logp": 0.6547049699119533,
          "surprisal_sum": 0.6467549168873884,
          "surprisal_mean": 0.6383233888206458,
          "length_inv": 0.6602824308864106,
          "length_log": 0.6603524518786805,
          "rb_entropy_sum": 0.6553611088926319,
          "rb_entropy_mean": 0.6501164414524125,
          "sum_w": 0.6562990607809267,
          "sum_w2": 0.652292707553867,
          "sum_w_abs": 0.6562990607809267,
          "wjlogp_sum": 0.022817908793959868,
          "jH_sum": 0.6450671849026496,
          "sum_abs_jlogp": 0.6605921737159086,
          "mean_abs_jlogp": 0.6599374789051841,
          "token_share": 0.6604713298820549,
          "length_x_surprisal_mean": 0.6467549168873884,
          "length_x_rb_entropy_mean": 0.6553611088926319
        },
        "rank_top_abs_corr": [
          "wjlogp_sum",
          "mean_logp",
          "surprisal_mean",
          "var_logp",
          "jH_sum",
          "sum_logp",
          "surprisal_sum",
          "length_x_surprisal_mean",
          "max_logp",
          "rb_entropy_mean",
          "sum_w2",
          "min_logp",
          "rb_entropy_sum",
          "length_x_rb_entropy_mean",
          "sum_w",
          "sum_w_abs",
          "mean_abs_jlogp",
          "length_inv",
          "length_log",
          "token_share",
          "length",
          "sum_abs_jlogp"
        ],
        "rank_top_var_reduction": [
          "wjlogp_sum",
          "mean_logp",
          "surprisal_mean",
          "var_logp",
          "jH_sum",
          "sum_logp",
          "surprisal_sum",
          "length_x_surprisal_mean",
          "max_logp",
          "rb_entropy_mean",
          "sum_w2",
          "min_logp",
          "rb_entropy_sum",
          "length_x_rb_entropy_mean",
          "sum_w",
          "sum_w_abs",
          "mean_abs_jlogp",
          "length_inv",
          "length_log",
          "length",
          "token_share",
          "sum_abs_jlogp"
        ]
      },
      "meta": {
        "B_total": 512,
        "T_total": 51917,
        "scale": 1.926151356973631e-05,
        "normalization": "per_token",
        "baseline_kind": "hk_ema",
        "total_tokens_used": 51917
      }
    }
  },
  "v_stats": {
    "method": "adamw_from_grads",
    "vec_norm": 2488.2077804989394,
    "num_params": 392,
    "avg_mb_loss": -0.0002927420084120058,
    "num_microbatches": 64,
    "amp": {
      "enabled": false,
      "dtype": "bfloat16"
    }
  },
  "timing_sec": {
    "total": 556.4706881046295,
    "sampling": 219.50021958351135,
    "update_vector": 21.189375400543213,