{
  "paths": {
    "csv_path": "/content/drive/MyDrive/RL_Practice_Files/good_cvs_20250915_0000/run_04/cv_20250915_003236/cv_per_seq.csv",
    "feature_stats_path": "/content/drive/MyDrive/RL_Practice_Files/good_cvs_20250915_0000/run_04/cv_20250915_003236/cv_feature_stats.csv",
    "summary_path": "/content/drive/MyDrive/RL_Practice_Files/good_cvs_20250915_0000/run_04/cv_20250915_003236/cv_summary.json",
    "plot_wjlogp_sum": "/content/drive/MyDrive/RL_Practice_Files/good_cvs_20250915_0000/run_04/cv_20250915_003236/scatter_wjlogp_sum.png",
    "plot_mean_logp": "/content/drive/MyDrive/RL_Practice_Files/good_cvs_20250915_0000/run_04/cv_20250915_003236/scatter_mean_logp.png",
    "plot_surprisal_mean": "/content/drive/MyDrive/RL_Practice_Files/good_cvs_20250915_0000/run_04/cv_20250915_003236/scatter_surprisal_mean.png",
    "plot_hist_yi": "/content/drive/MyDrive/RL_Practice_Files/good_cvs_20250915_0000/run_04/cv_20250915_003236/hist_yi.png"
  },
  "summary": {
    "n_seqs": 512,
    "normalization": "per_token",
    "mean_gdotv": -0.6852734976348465,
    "var_gdotv": 99.07775751391499,
    "corr": {
      "length_log": 0.047300880045058454,
      "sum_w": -0.09815961158668561,
      "sum_w2": -0.15087453008408674,
      "rb_entropy_sum": -0.10446423044184722,
      "var_logp": -0.24291619681921658
    },
    "ols_beta": {
      "length_log": 0.23206582800291572,
      "sum_w": 0.0011793135059505677,
      "sum_w2": -2.3884655444609307e-05,
      "rb_entropy_sum": 0.07137415374704839,
      "var_logp": -4.185252868772343
    },
    "var_after_cv": {
      "length_log": 0.9977626267469629,
      "sum_w": 0.990364690653151,
      "sum_w2": 0.9772368761719059,
      "rb_entropy_sum": 0.9890872245581926,
      "var_logp": 0.9409917213228876
    },
    "var_after_cv_joint": 0.9103884675062439,
    "diagnostics": {
      "features": [
        "length_log",
        "sum_w",
        "sum_w2",
        "rb_entropy_sum",
        "var_logp"
      ],
      "features_all": [
        "length",
        "sum_logp",
        "mean_logp",
        "var_logp",
        "max_logp",
        "min_logp",
        "surprisal_sum",
        "surprisal_mean",
        "length_inv",
        "length_log",
        "rb_entropy_sum",
        "rb_entropy_mean",
        "sum_w",
        "sum_w2",
        "sum_w_abs",
        "wjlogp_sum",
        "jH_sum",
        "sum_abs_jlogp",
        "mean_abs_jlogp",
        "token_share",
        "length_x_surprisal_mean",
        "length_x_rb_entropy_mean"
      ],
      "ridge": 1e-08,
      "crossfit_folds": 0,
      "y_mean": -0.6852734976348465,
      "gdotv_batch": -350.8600307890414,
      "var_batch": 0.1935112451443652,
      "se_batch": 0.4398991306474306,
      "se_batch_after_cv": {
        "length_log": 0.43940674580656736,
        "sum_w": 0.4377747188170022,
        "sum_w2": 0.4348635702252091,
        "rb_entropy_sum": 0.4374922860812979,
        "var_logp": 0.42672295422642953
      },
      "se_batch_after_cv_joint": 0.4197265847098605,
      "all_features_stats": {
        "corr": {
          "length": 0.04131870846410046,
          "sum_logp": 0.2041992438969036,
          "mean_logp": 0.26397558942438937,
          "var_logp": -0.24291619681921658,
          "max_logp": 0.1218712104196157,
          "min_logp": 0.11209016347060236,
          "surprisal_sum": -0.2041992438969036,
          "surprisal_mean": -0.26397558942438937,
          "length_inv": -0.049688609592044575,
          "length_log": 0.047300880045058454,
          "rb_entropy_sum": -0.10446423044184722,
          "rb_entropy_mean": -0.15586049285142797,
          "sum_w": -0.09815961158668561,
          "sum_w2": -0.15087453008408674,
          "sum_w_abs": -0.09815961158668561,
          "wjlogp_sum": 0.9988809182868508,
          "jH_sum": -0.173533174091748,
          "sum_abs_jlogp": -0.06585809757905899,
          "mean_abs_jlogp": -0.10090590626582883,
          "token_share": 0.04131870846410047,
          "length_x_surprisal_mean": -0.2041992438969036,
          "length_x_rb_entropy_mean": -0.1044642304418472
        },
        "var_ratio_single": {
          "length": 0.9982927643308588,
          "sum_logp": 0.9583026687919327,
          "mean_logp": 0.9303168881880463,
          "var_logp": 0.9409917213228876,
          "max_logp": 0.9851559878029285,
          "min_logp": 0.9874357952531336,
          "surprisal_sum": 0.9583026687919327,
          "surprisal_mean": 0.9303168881880463,
          "length_inv": 0.997531042076815,
          "length_log": 0.9977626267469629,
          "rb_entropy_sum": 0.9890872245581926,
          "rb_entropy_mean": 0.97570750676811,
          "sum_w": 0.990364690653151,
          "sum_w2": 0.9772368761719059,
          "sum_w_abs": 0.990364690653151,
          "wjlogp_sum": 0.0022369110824173753,
          "jH_sum": 0.9698862374896431,
          "sum_abs_jlogp": 0.9956627109832672,
          "mean_abs_jlogp": 0.9898179980806716,
          "token_share": 0.9982927643366841,
          "length_x_surprisal_mean": 0.9583026687919327,
          "length_x_rb_entropy_mean": 0.9890872245581926
        },
        "se_after_single": {
          "length": 0.4395234644979433,
          "sum_logp": 0.4306301692439757,
          "mean_logp": 0.4242956273780111,
          "var_logp": 0.42672295422642953,
          "max_logp": 0.43662198966746024,
          "min_logp": 0.43712690404452387,
          "surprisal_sum": 0.4306301692439757,
          "surprisal_mean": 0.4242956273780111,
          "length_inv": 0.4393557488214313,
          "length_log": 0.43940674580656736,
          "rb_entropy_sum": 0.4374922860812979,
          "rb_entropy_mean": 0.43452315764686367,
          "sum_w": 0.4377747188170022,
          "sum_w2": 0.4348635702252091,
          "sum_w_abs": 0.4377747188170022,
          "wjlogp_sum": 0.02080546680168018,
          "jH_sum": 0.43322499173640056,
          "sum_abs_jlogp": 0.4389441091371272,
          "mean_abs_jlogp": 0.4376538738259878,
          "token_share": 0.4395234644992257,
          "length_x_surprisal_mean": 0.4306301692439757,
          "length_x_rb_entropy_mean": 0.4374922860812979
        },
        "rank_top_abs_corr": [
          "wjlogp_sum",
          "mean_logp",
          "surprisal_mean",
          "var_logp",
          "sum_logp",
          "surprisal_sum",
          "length_x_surprisal_mean",
          "jH_sum",
          "rb_entropy_mean",
          "sum_w2",
          "max_logp",
          "min_logp",
          "rb_entropy_sum",
          "length_x_rb_entropy_mean",
          "mean_abs_jlogp",
          "sum_w",
          "sum_w_abs",
          "sum_abs_jlogp",
          "length_inv",
          "length_log",
          "token_share",
          "length"
        ],
        "rank_top_var_reduction": [
          "wjlogp_sum",
          "mean_logp",
          "surprisal_mean",
          "var_logp",
          "sum_logp",
          "surprisal_sum",
          "length_x_surprisal_mean",
          "jH_sum",
          "rb_entropy_mean",
          "sum_w2",
          "max_logp",
          "min_logp",
          "rb_entropy_sum",
          "length_x_rb_entropy_mean",
          "mean_abs_jlogp",
          "sum_w",
          "sum_w_abs",
          "sum_abs_jlogp",
          "length_inv",
          "length_log",
          "length",
          "token_share"
        ]
      },
      "meta": {
        "B_total": 512,
        "T_total": 51915,
        "scale": 1.9262255610131947e-05,
        "normalization": "per_token",
        "baseline_kind": "hk_ema",
        "total_tokens_used": 51915
      }
    }
  },
  "v_stats": {
    "method": "adamw_from_grads",
    "vec_norm": 2485.929016813663,
    "num_params": 392,
    "avg_mb_loss": -0.00028702537184699395,
    "num_microbatches": 64,
    "amp": {
      "enabled": false,
      "dtype": "bfloat16"
    }
  },
  "timing_sec": {
    "total": 555.6970443725586,
    "sampling": 219.3260040283203,
    "update_vector": 22.143184185028076,