eta,mean_err_rel,std_err_rel,min_err_rel,max_err_rel,num_samples
1.6e-06,0.06771040938745025,1.2146092660791616,-5.26392053961792,4.113773569475203,2000
