{
  "paths": {
    "csv_path": "/content/drive/MyDrive/RL_Practice_Files/good_cvs_20250915_0000/run_03/cv_20250915_002324/cv_per_seq.csv",
    "feature_stats_path": "/content/drive/MyDrive/RL_Practice_Files/good_cvs_20250915_0000/run_03/cv_20250915_002324/cv_feature_stats.csv",
    "summary_path": "/content/drive/MyDrive/RL_Practice_Files/good_cvs_20250915_0000/run_03/cv_20250915_002324/cv_summary.json",
    "plot_wjlogp_sum": "/content/drive/MyDrive/RL_Practice_Files/good_cvs_20250915_0000/run_03/cv_20250915_002324/scatter_wjlogp_sum.png",
    "plot_var_logp": "/content/drive/MyDrive/RL_Practice_Files/good_cvs_20250915_0000/run_03/cv_20250915_002324/scatter_var_logp.png",
    "plot_mean_logp": "/content/drive/MyDrive/RL_Practice_Files/good_cvs_20250915_0000/run_03/cv_20250915_002324/scatter_mean_logp.png",
    "plot_hist_yi": "/content/drive/MyDrive/RL_Practice_Files/good_cvs_20250915_0000/run_03/cv_20250915_002324/hist_yi.png"
  },
  "summary": {
    "n_seqs": 512,
    "normalization": "per_token",
    "mean_gdotv": -0.7375512287968942,
    "var_gdotv": 165.411392025122,
    "corr": {
      "length_log": 0.013375685471183766,
      "sum_w": -0.15759303358633925,
      "sum_w2": -0.23121522895095045,
      "rb_entropy_sum": -0.17737121710141102,
      "var_logp": -0.3094516872523565
    },
    "ols_beta": {
      "length_log": -4.965617454852196,
      "sum_w": 0.0052397519488686485,
      "sum_w2": -5.516534588474265e-05,
      "rb_entropy_sum": -6.556358116255071e-05,
      "var_logp": -6.2052823411517135
    },
    "var_after_cv": {
      "length_log": 0.9998210910381758,
      "sum_w": 0.975164435765055,
      "sum_w2": 0.9465395179011596,
      "rb_entropy_sum": 0.9685394513439641,
      "var_logp": 0.9042396532566698
    },
    "var_after_cv_joint": 0.845019196161229,
    "diagnostics": {
      "features": [
        "length_log",
        "sum_w",
        "sum_w2",
        "rb_entropy_sum",
        "var_logp"
      ],
      "features_all": [
        "length",
        "sum_logp",
        "mean_logp",
        "var_logp",
        "max_logp",
        "min_logp",
        "surprisal_sum",
        "surprisal_mean",
        "length_inv",
        "length_log",
        "rb_entropy_sum",
        "rb_entropy_mean",
        "sum_w",
        "sum_w2",
        "sum_w_abs",
        "wjlogp_sum",
        "jH_sum",
        "sum_abs_jlogp",
        "mean_abs_jlogp",
        "token_share",
        "length_x_surprisal_mean",
        "length_x_rb_entropy_mean"
      ],
      "ridge": 1e-08,
      "crossfit_folds": 0,
      "y_mean": -0.7375512287968942,
      "gdotv_batch": -377.6262291440098,
      "var_batch": 0.32306912504906643,
      "se_batch": 0.5683917003696187,
      "se_batch_after_cv": {
        "length_log": 0.5683408529107392,
        "sum_w": 0.5612891599181146,
        "sum_w2": 0.552989777367261,
        "rb_entropy_sum": 0.5593792927175597,
        "var_logp": 0.540492288207985
      },
      "se_batch_after_cv_joint": 0.5224936481465337,
      "all_features_stats": {
        "corr": {
          "length": 0.016823948064840354,
          "sum_logp": 0.24818124137577588,
          "mean_logp": 0.29706145970299835,
          "var_logp": -0.3094516872523565,
          "max_logp": -0.04240320569529253,
          "min_logp": 0.19413981985262355,
          "surprisal_sum": -0.24818124137577588,
          "surprisal_mean": -0.29706145970299835,
          "length_inv": -0.009471462641523608,
          "length_log": 0.013375685471183766,
          "rb_entropy_sum": -0.17737121710141102,
          "rb_entropy_mean": -0.23227400892523603,
          "sum_w": -0.15759303358633925,
          "sum_w2": -0.23121522895095045,
          "sum_w_abs": -0.15759303358633925,
          "wjlogp_sum": 0.9992630622497939,
          "jH_sum": -0.2651625043772147,
          "sum_abs_jlogp": -0.04572800494717178,
          "mean_abs_jlogp": -0.06476261249852877,
          "token_share": 0.016823948064840357,
          "length_x_surprisal_mean": -0.24818124137577588,
          "length_x_rb_entropy_mean": -0.17737121710141102
        },
        "var_ratio_single": {
          "length": 0.9997169547715116,
          "sum_logp": 0.9384060714291788,
          "mean_logp": 0.9117544891591237,
          "var_logp": 0.9042396532566698,
          "max_logp": 0.9982035783034583,
          "min_logp": 0.9623097303475909,
          "surprisal_sum": 0.9384060714291788,
          "surprisal_mean": 0.9117544891591237,
          "length_inv": 0.9999102913954303,
          "length_log": 0.9998210910381758,
          "rb_entropy_sum": 0.9685394513439641,
          "rb_entropy_mean": 0.9460487847777993,
          "sum_w": 0.975164435765055,
          "sum_w2": 0.9465395179011596,
          "sum_w_abs": 0.975164435765055,
          "wjlogp_sum": 0.0014733324231648263,
          "jH_sum": 0.9296888462724038,
          "sum_abs_jlogp": 0.9979089495635513,
          "mean_abs_jlogp": 0.9958058040223653,
          "token_share": 0.999716954772483,
          "length_x_surprisal_mean": 0.9384060714291788,
          "length_x_rb_entropy_mean": 0.9685394513439641
        },
        "se_after_single": {
          "length": 0.5683112543974027,
          "sum_logp": 0.5506087798404203,
          "mean_logp": 0.5427335672981695,
          "var_logp": 0.540492288207985,
          "max_logp": 0.5678809352877991,
          "min_logp": 0.5575774050386182,
          "surprisal_sum": 0.5506087798404203,
          "surprisal_mean": 0.5427335672981695,
          "length_inv": 0.5683662049846725,
          "length_log": 0.5683408529107392,
          "rb_entropy_sum": 0.5593792927175597,
          "rb_entropy_mean": 0.5528464100922571,
          "sum_w": 0.5612891599181146,
          "sum_w2": 0.552989777367261,
          "sum_w_abs": 0.5612891599181146,
          "wjlogp_sum": 0.02181715418789264,
          "jH_sum": 0.5480454015253677,
          "sum_abs_jlogp": 0.5677971215268086,
          "mean_abs_jlogp": 0.567198474807794,
          "token_share": 0.5683112543976788,
          "length_x_surprisal_mean": 0.5506087798404203,
          "length_x_rb_entropy_mean": 0.5593792927175597
        },
        "rank_top_abs_corr": [
          "wjlogp_sum",
          "var_logp",
          "mean_logp",
          "surprisal_mean",
          "jH_sum",
          "sum_logp",
          "surprisal_sum",
          "length_x_surprisal_mean",
          "rb_entropy_mean",
          "sum_w2",
          "min_logp",
          "rb_entropy_sum",
          "length_x_rb_entropy_mean",
          "sum_w",
          "sum_w_abs",
          "mean_abs_jlogp",
          "sum_abs_jlogp",
          "max_logp",
          "token_share",
          "length",
          "length_log",
          "length_inv"
        ],
        "rank_top_var_reduction": [
          "wjlogp_sum",
          "var_logp",
          "mean_logp",
          "surprisal_mean",
          "jH_sum",
          "sum_logp",
          "surprisal_sum",
          "length_x_surprisal_mean",
          "rb_entropy_mean",
          "sum_w2",
          "min_logp",
          "rb_entropy_sum",
          "length_x_rb_entropy_mean",
          "sum_w",
          "sum_w_abs",
          "mean_abs_jlogp",
          "sum_abs_jlogp",
          "max_logp",
          "length",
          "token_share",
          "length_log",
          "length_inv"
        ]
      },
      "meta": {
        "B_total": 512,
        "T_total": 52800,
        "scale": 1.893939393939394e-05,
        "normalization": "per_token",
        "baseline_kind": "hk_ema",
        "total_tokens_used": 52800
      }
    }
  },
  "v_stats": {
    "method": "adamw_from_grads",
    "vec_norm": 2472.4890406767427,
    "num_params": 392,
    "avg_mb_loss": -0.0001958002702719952,
    "num_microbatches": 64,
    "amp": {
      "enabled": false,
      "dtype": "bfloat16"
    }
  },
  "timing_sec": {
    "total": 549.1045246124268,
    "sampling": 215.841943025589,
    "update_vector": 22.80078959465027,
    "cv_analysis": 303.8759789466858
  },