{
  "n_seqs": 512,
  "normalization": "per_token",
  "mean_gdotv": -0.03710889152162988,
  "var_gdotv": 264.1152419433414,
  "corr": {
    "length_log": 0.040051229178175,
    "sum_w": -0.0493337238468189,
    "sum_w2": -0.09463040018760283,
    "rb_entropy_sum": -0.03338931506495855,
    "var_logp": -0.1545144759959802
  },
  "ols_beta": {
    "length_log": -2.7698565054981112,
    "sum_w": 0.0017469388113739227,
    "sum_w2": -5.145273115192392e-05,
    "rb_entropy_sum": 0.23828525033774445,
    "var_logp": -5.934336229740057
  },
  "var_after_cv": {
    "length_log": 0.9983958990413174,
    "sum_w": 0.9975661836914061,
    "sum_w2": 0.9910450873603343,
    "rb_entropy_sum": 0.9988851536394933,
    "var_logp": 0.9761252767076881
  },
  "var_after_cv_joint": 0.9420308899576234,
  "diagnostics": {
    "features": [
      "length_log",
      "sum_w",
      "sum_w2",
      "rb_entropy_sum",
      "var_logp"
    ],
    "features_all": [
      "length",
      "sum_logp",
      "mean_logp",
      "var_logp",
      "max_logp",
      "min_logp",
      "surprisal_sum",
      "surprisal_mean",
      "length_inv",
      "length_log",
      "rb_entropy_sum",
      "rb_entropy_mean",
      "sum_w",
      "sum_w2",
      "sum_w_abs",
      "wjlogp_sum",
      "jH_sum",
      "sum_abs_jlogp",
      "mean_abs_jlogp",
      "token_share",
      "length_x_surprisal_mean",
      "length_x_rb_entropy_mean"
    ],
    "ridge": 1e-08,
    "crossfit_folds": 0,
    "y_mean": -0.03710889152162988,
    "gdotv_batch": -18.9997524590745,
    "var_batch": 0.5158500819205887,
    "se_batch": 0.7182270406498134,
    "se_batch_after_cv": {
      "length_log": 0.7176507551097842,
      "sum_w": 0.7173524918604667,
      "sum_w2": 0.7150039786615354,
      "rb_entropy_sum": 0.7178265726024583,
      "var_logp": 0.7096015106765333
    },
    "se_batch_after_cv_joint": 0.697098781921447,
    "all_features_stats": {
      "corr": {
        "length": 0.03450855246784608,
        "sum_logp": 0.08969844700908211,
        "mean_logp": 0.12339675539740512,
        "var_logp": -0.1545144759959802,
        "max_logp": 0.13051205713151065,
        "min_logp": 0.08729397413604618,
        "surprisal_sum": -0.08969844700908211,
        "surprisal_mean": -0.12339675539740512,
        "length_inv": -0.04119287429048696,
        "length_log": 0.040051229178175,
        "rb_entropy_sum": -0.03338931506495855,
        "rb_entropy_mean": -0.055291273224570815,
        "sum_w": -0.0493337238468189,
        "sum_w2": -0.09463040018760283,
        "sum_w_abs": -0.0493337238468189,
        "wjlogp_sum": 0.9995553925267279,
        "jH_sum": -0.2484144396622597,
        "sum_abs_jlogp": 0.05749771244177157,
        "mean_abs_jlogp": 0.021471385798428236,
        "token_share": 0.0345085524678461,
        "length_x_surprisal_mean": -0.08969844700908212,
        "length_x_rb_entropy_mean": -0.03338931506495855
      },
      "var_ratio_single": {
        "length": 0.998809159806574,
        "sum_logp": 0.991954188604159,
        "mean_logp": 0.9847732407573931,
        "var_logp": 0.9761252767076881,
        "max_logp": 0.9829669367897134,
        "min_logp": 0.9923797620795355,
        "surprisal_sum": 0.991954188604159,
        "surprisal_mean": 0.9847732407573931,
        "length_inv": 0.9983031471076907,
        "length_log": 0.9983958990413174,
        "rb_entropy_sum": 0.9988851536394933,
        "rb_entropy_mean": 0.996942875105206,
        "sum_w": 0.9975661836914061,
        "sum_w2": 0.9910450873603343,
        "sum_w_abs": 0.9975661836914061,
        "wjlogp_sum": 0.0008890172707388994,
        "jH_sum": 0.9382902661672858,
        "sum_abs_jlogp": 0.9966940130639635,
        "mean_abs_jlogp": 0.9995389795918954,
        "token_share": 0.9988091598102062,
        "length_x_surprisal_mean": 0.991954188604159,
        "length_x_rb_entropy_mean": 0.9988851536394933
      },
      "se_after_single": {
        "length": 0.7177992664451919,
        "sum_logp": 0.7153318456862706,
        "mean_logp": 0.712737930040141,
        "var_logp": 0.7096015106765333,
        "max_logp": 0.7120839661642465,
        "min_logp": 0.7154852769729526,
        "surprisal_sum": 0.7153318456862706,
        "surprisal_mean": 0.712737930040141,
        "length_inv": 0.7176174191148678,
        "length_log": 0.7176507551097842,
        "rb_entropy_sum": 0.7178265726024583,
        "rb_entropy_mean": 0.717128345411871,
        "sum_w": 0.7173524918604667,
        "sum_w2": 0.7150039786615354,
        "sum_w_abs": 0.7173524918604667,
        "wjlogp_sum": 0.02141493945682498,
        "jH_sum": 0.6957133825561251,
        "sum_abs_jlogp": 0.7170388331804672,
        "mean_abs_jlogp": 0.7180614629022372,
        "token_share": 0.717799266446497,
        "length_x_surprisal_mean": 0.7153318456862706,
        "length_x_rb_entropy_mean": 0.7178265726024583
      },
      "rank_top_abs_corr": [
        "wjlogp_sum",
        "jH_sum",
        "var_logp",
        "max_logp",
        "mean_logp",
        "surprisal_mean",
        "sum_w2",
        "length_x_surprisal_mean",
        "sum_logp",
        "surprisal_sum",
        "min_logp",
        "sum_abs_jlogp",
        "rb_entropy_mean",
        "sum_w",
        "sum_w_abs",
        "length_inv",
        "length_log",
        "token_share",
        "length",
        "rb_entropy_sum",
        "length_x_rb_entropy_mean",
        "mean_abs_jlogp"
      ],
      "rank_top_var_reduction": [
        "wjlogp_sum",
        "jH_sum",
        "var_logp",
        "max_logp",
        "mean_logp",
        "surprisal_mean",
        "sum_w2",
        "sum_logp",
        "surprisal_sum",
        "length_x_surprisal_mean",
        "min_logp",
        "sum_abs_jlogp",
        "rb_entropy_mean",
        "sum_w",
        "sum_w_abs",
        "length_inv",
        "length_log",
        "length",
        "token_share",
        "rb_entropy_sum",
        "length_x_rb_entropy_mean",
        "mean_abs_jlogp"
      ]
    },
    "meta": {
      "B_total": 512,
      "T_total": 51624,
      "scale": 1.937083527041686e-05,
      "normalization": "per_token",
      "baseline_kind": "hk_ema",
      "total_tokens_used": 51624
    }
  },
  "timestamp": "2025-09-15T01:14:45.544630Z"
}