{
  "step": 3,
  "timestamp": "2025-09-03T04:10:58.481655",
  "total_params": 730,
  "exp_avg": {
    "global": {
      "count": 307232768,
      "min": -0.004342971835285425,
      "max": 0.005853796843439341,
      "mean": 5.101456757028444e-11,
      "std": 1.449184310331475e-06,
      "all_zero": false,
      "percentiles": {
        "5": -4.19030830300926e-07,
        "25": -2.1270356624029235e-13,
        "50": 5.01152130403774e-19,
        "75": 2.1712590492911632e-13,
        "95": 4.192546512626898e-07
      },
      "tiny_counts": {
        "1e-12": 172545091,
        "1e-10": 209159395,
        "1e-08": 224137705,
        "1e-06": 292974715
      },
      "zero_count": 0,
      "histogram": {
        "counts": [
          27407,
          50168,
          122765,
          339557,
          634474,
          1439024,
          2468890,
          2616934,
          2756905,
          4150967,
          6334947,
          9151212,
          12189751,
          14818656,
          16525214,
          16897820,
          16091644,
          14713109,
          13250604,
          11987139,
          10957064,
          10137951,
          9291576,
          8306464,
          7298040,
          6270543,
          5316538,
          4449473,
          3681939,
          2994657,
          2445324,
          2133487,
          2186366,
          2875871,
          4808515,
          8843885,
          14416495,
          17647642,
          16725371,
          12278452,
          5643440,
          1542668,
          322359,
          71434,
          16073,
          3100,
          655,
          155,
          39,
          5
        ],
        "bin_edges": [
          -19.999942779541016,
          -19.644596099853516,
          -19.289247512817383,
          -18.933900833129883,
          -18.57855224609375,
          -18.22320556640625,
          -17.867856979370117,
          -17.512510299682617,
          -17.157161712646484,
          -16.801815032958984,
          -16.44646644592285,
          -16.09111976623535,
          -15.735771179199219,
          -15.380423545837402,
          -15.025075912475586,
          -14.66972827911377,
          -14.314380645751953,
          -13.959033012390137,
          -13.60368537902832,
          -13.248337745666504,
          -12.892990112304688,
          -12.537643432617188,
          -12.182295799255371,
          -11.826948165893555,
          -11.471600532531738,
          -11.116252899169922,
          -10.760905265808105,
          -10.405557632446289,
          -10.050209999084473,
          -9.694862365722656,
          -9.33951473236084,
          -8.984167098999023,
          -8.628819465637207,
          -8.27347183227539,
          -7.918124198913574,
          -7.562776565551758,
          -7.207428932189941,
          -6.852081298828125,
          -6.496733665466309,
          -6.141386032104492,
          -5.786038398742676,
          -5.430690765380859,
          -5.075343132019043,
          -4.719995498657227,
          -4.36464786529541,
          -4.009300231933594,
          -3.6539528369903564,
          -3.29860520362854,
          -2.9432575702667236,
          -2.5879099369049072,
          -2.232562303543091
        ],
        "log_scale": true
      }
    }
  },
  "exp_avg_sq": {
    "global": {
      "count": 307232768,
      "min": 2.8947042767097044e-40,
      "max": 2.9335876661207294e-06,
      "mean": 4.943867580944894e-13,
      "std": 3.5491187766467647e-10,
      "all_zero": false,
      "percentiles": {
        "5": 1.6913421203917994e-33,
        "25": 3.0470544371195843e-30,
        "50": 2.1578775453839638e-26,
        "75": 2.166163625188166e-15,
        "95": 4.017098421483013e-13
      },
      "tiny_counts": {
        "1e-12": 300137376,
        "1e-10": 307145722,
        "1e-08": 307231692,
        "1e-06": 307232760
      },
      "zero_count": 0,
      "histogram": {
        "counts": [
          211177970,
          2166711,
          1449010,
          1157442,
          987128,
          862741,
          759991,
          679999,
          616124,
          565568,
          521998,
          489111,
          485252,
          498688,
          559746,
          805225,
          1582016,
          3058419,
          5275799,
          7150150,
          7228908,
          7464821,
          8060130,
          8265777,
          8555161,
          9141740,
          7281283,
          4671087,
          2743061,
          1489460,
          733384,
          360101,
          176501,
          91726,
          53929,
          32316,
          17082,
          8349,
          4095,
          2084,
          1249,
          633,
          391,
          184,
          110,
          62,
          28,
          16,
          9,
          3
        ],
        "bin_edges": [
          -20.0,
          -19.710651397705078,
          -19.42130470275879,
          -19.131956100463867,
          -18.842607498168945,
          -18.553260803222656,
          -18.263912200927734,
          -17.974563598632812,
          -17.685216903686523,
          -17.3958683013916,
          -17.10651969909668,
          -16.81717300415039,
          -16.52782440185547,
          -16.238475799560547,
          -15.949128150939941,
          -15.659780502319336,
          -15.370431900024414,
          -15.081084251403809,
          -14.791736602783203,
          -14.502388000488281,
          -14.213040351867676,
          -13.92369270324707,
          -13.634344100952148,
          -13.344996452331543,
          -13.055648803710938,
          -12.766300201416016,
          -12.47695255279541,
          -12.187604904174805,
          -11.898256301879883,
          -11.608908653259277,
          -11.319561004638672,
          -11.03021240234375,
          -10.740864753723145,
          -10.451516151428223,
          -10.162168502807617,
          -9.872820854187012,
          -9.58347225189209,
          -9.294124603271484,
          -9.004776954650879,
          -8.715428352355957,
          -8.426080703735352,
          -8.136733055114746,
          -7.847384929656982,
          -7.558036804199219,
          -7.268688678741455,
          -6.97934103012085,
          -6.689992904663086,
          -6.400644779205322,
          -6.111296653747559,
          -5.821949005126953,
          -5.5326008796691895
        ],
        "log_scale": true
      }
    }
  },
  "step_values": {
    "values": [
      