{
  "step": 17,
  "timestamp": "2025-09-03T05:05:21.939227",
  "total_params": 730,
  "exp_avg": {
    "global": {
      "count": 307232768,
      "min": -0.006750853732228279,
      "max": 0.006925459951162338,
      "mean": 4.634551770132944e-11,
      "std": 1.853706521615095e-06,
      "all_zero": false,
      "percentiles": {
        "5": -4.139730350516401e-07,
        "25": -3.044315898003726e-13,
        "50": 6.816798012988915e-19,
        "75": 3.1104316306840643e-13,
        "95": 4.14184104613468e-07
      },
      "tiny_counts": {
        "1e-12": 168116069,
        "1e-10": 205463535,
        "1e-08": 221325053,
        "1e-06": 293359607
      },
      "zero_count": 0,
      "histogram": {
        "counts": [
          21587,
          57913,
          109850,
          243545,
          530034,
          1233270,
          2274243,
          2790089,
          2716095,
          3735242,
          5665557,
          8275705,
          11250533,
          14033206,
          16009621,
          16742680,
          16206277,
          14918738,
          13502112,
          12249836,
          11194957,
          10285376,
          9403048,
          8412377,
          7386426,
          6310495,
          5342230,
          4456956,
          3670446,
          3046139,
          2546917,
          2274907,
          2454673,
          3426465,
          5891532,
          10543790,
          16060142,
          18319235,
          16517206,
          11161431,
          4527217,
          1124552,
          232896,
          58188,
          14792,
          3345,
          659,
          181,
          43,
          14
        ],
        "bin_edges": [
          -19.9999942779541,
          -19.643184661865234,
          -19.286376953125,
          -18.929567337036133,
          -18.5727596282959,
          -18.21595001220703,
          -17.859140396118164,
          -17.50233268737793,
          -17.145523071289062,
          -16.788715362548828,
          -16.43190574645996,
          -16.075096130371094,
          -15.71828842163086,
          -15.361478805541992,
          -15.004670143127441,
          -14.64786148071289,
          -14.29105281829834,
          -13.934244155883789,
          -13.577434539794922,
          -13.220625877380371,
          -12.86381721496582,
          -12.50700855255127,
          -12.150198936462402,
          -11.793390274047852,
          -11.4365816116333,
          -11.07977294921875,
          -10.7229642868042,
          -10.366154670715332,
          -10.009346008300781,
          -9.65253734588623,
          -9.29572868347168,
          -8.938920021057129,
          -8.582110404968262,
          -8.225301742553711,
          -7.86849308013916,
          -7.511684417724609,
          -7.1548752784729,
          -6.79806661605835,
          -6.441257476806641,
          -6.08444881439209,
          -5.727640151977539,
          -5.37083101272583,
          -5.014022350311279,
          -4.65721321105957,
          -4.3004045486450195,
          -3.9435956478118896,
          -3.5867867469787598,
          -3.22997784614563,
          -2.873169183731079,
          -2.516360282897949,
          -2.1595513820648193
        ],
        "log_scale": true
      }
    }
  },
  "exp_avg_sq": {
    "global": {
      "count": 307232768,
      "min": 1.0903433285988185e-39,
      "max": 4.089034518983681e-06,
      "mean": 9.227890803917282e-13,
      "std": 6.453212963997146e-10,
      "all_zero": false,
      "percentiles": {
        "5": 7.260897390472364e-33,
        "25": 1.5492833107114502e-29,
        "50": 1.2677969113379124e-25,
        "75": 4.522098417703317e-15,
        "95": 6.241912911021663e-13
      },
      "tiny_counts": {
        "1e-12": 296850577,
        "1e-10": 307084302,
        "1e-08": 307230723,
        "1e-06": 307232748
      },
      "zero_count": 0,
      "histogram": {
        "counts": [
          204923370,
          2569144,
          1759783,
          1415682,
          1213295,
          1071640,
          954211,
          852545,
          766438,
          696487,
          640046,
          593827,
          570925,
          592287,
          631777,
          776344,
          1262460,
          2497806,
          4415368,
          7063545,
          7639158,
          7556137,
          8200862,
          8722138,
          8629086,
          9677525,
          8677569,
          5713071,
          3371450,
          1885599,
          934064,
          450914,
          224177,
          117311,
          69346,
          44004,
          26418,
          13446,
          6557,
          3153,
          1687,
          965,
          515,
          309,
          153,
          91,
          41,
          26,
          9,
          7
        ],
        "bin_edges": [
          -20.0,
          -19.707767486572266,
          -19.41553497314453,
          -19.123302459716797,
          -18.831069946289062,
          -18.538837432861328,
          -18.246604919433594,
          -17.95437240600586,
          -17.662139892578125,
          -17.36990737915039,
          -17.077674865722656,
          -16.785444259643555,
          -16.49321174621582,
          -16.200979232788086,
          -15.908745765686035,
          -15.616514205932617,
          -15.324281692504883,
          -15.032049179077148,
          -14.739816665649414,
          -14.44758415222168,
          -14.155351638793945,
          -13.863119125366211,
          -13.570886611938477,
          -13.278654098510742,
          -12.986421585083008,
          -12.694189071655273,
          -12.401957511901855,
          -12.109724998474121,
          -11.817492485046387,
          -11.525259971618652,
          -11.233027458190918,
          -10.940794944763184,
          -10.64856243133545,
          -10.356329917907715,
          -10.06409740447998,
          -9.771865844726562,
          -9.479633331298828,
          -9.187400817871094,
          -8.89516830444336,
          -8.602935791015625,
          -8.31070327758789,
          -8.018470764160156,
          -7.726238250732422,
          -7.434006214141846,
          -7.141773700714111,
          -6.849541187286377,
          -6.557308673858643,
          -6.265076160430908,
          -5.972844123840332,
          -5.680611610412598,
          -5.388379096984863
        ],
        "log_scale": true
      }
    }
  },
  "step_values": {
    "values": [
      