{
  "step": 11,
  "timestamp": "2025-09-03T04:41:50.483593",
  "total_params": 730,
  "exp_avg": {
    "global": {
      "count": 307232768,
      "min": -0.004579131491482258,
      "max": 0.005663902964442968,
      "mean": 6.523018236670453e-11,
      "std": 1.5821800616322435e-06,
      "all_zero": false,
      "percentiles": {
        "5": -4.0808917276535786e-07,
        "25": -2.3941317136254303e-13,
        "50": 8.932197141295409e-19,
        "75": 2.457318203086256e-13,
        "95": 4.083404775201402e-07
      },
      "tiny_counts": {
        "1e-12": 170826959,
        "1e-10": 207627057,
        "1e-08": 223052475,
        "1e-06": 293503435
      },
      "zero_count": 0,
      "histogram": {
        "counts": [
          20867,
          52687,
          163111,
          256668,
          566341,
          1196424,
          2444661,
          2902259,
          3055444,
          4154927,
          6206863,
          8915355,
          11927101,
          14580388,
          16289251,
          16719138,
          15966080,
          14535344,
          13059529,
          11836299,
          10892484,
          10072240,
          9238919,
          8337204,
          7343060,
          6343453,
          5370944,
          4515126,
          3724238,
          3036810,
          2528550,
          2231758,
          2277028,
          3017801,
          5064612,
          9218735,
          14742042,
          17806047,
          16844823,
          12281410,
          5566184,
          1510902,
          320256,
          75372,
          19028,
          3937,
          791,
          212,
          57,
          8
        ],
        "bin_edges": [
          -19.999996185302734,
          -19.644933700561523,
          -19.289871215820312,
          -18.9348087310791,
          -18.579748153686523,
          -18.224685668945312,
          -17.8696231842041,
          -17.51456069946289,
          -17.15949821472168,
          -16.80443572998047,
          -16.449373245239258,
          -16.094310760498047,
          -15.739249229431152,
          -15.384186744689941,
          -15.029125213623047,
          -14.674062728881836,
          -14.319000244140625,
          -13.963937759399414,
          -13.60887622833252,
          -13.253813743591309,
          -12.898751258850098,
          -12.543688774108887,
          -12.188627243041992,
          -11.833564758300781,
          -11.47850227355957,
          -11.12343978881836,
          -10.768378257751465,
          -10.413315773010254,
          -10.058253288269043,
          -9.703190803527832,
          -9.348129272460938,
          -8.993066787719727,
          -8.638004302978516,
          -8.282941818237305,
          -7.927879810333252,
          -7.572817802429199,
          -7.217755317687988,
          -6.8626933097839355,
          -6.507630825042725,
          -6.152568817138672,
          -5.797506332397461,
          -5.442444324493408,
          -5.087381839752197,
          -4.7323198318481445,
          -4.377257347106934,
          -4.022195339202881,
          -3.667133092880249,
          -3.312070846557617,
          -2.9570086002349854,
          -2.6019463539123535,
          -2.2468841075897217
        ],
        "log_scale": true
      }
    }
  },
  "exp_avg_sq": {
    "global": {
      "count": 307232768,
      "min": 1.0382836893506873e-39,
      "max": 3.562378878996242e-06,
      "mean": 7.283379628575393e-13,
      "std": 4.91255258694423e-10,
      "all_zero": false,
      "percentiles": {
        "5": 3.567269896274214e-33,
        "25": 7.133810775931302e-30,
        "50": 5.7431070704256e-26,
        "75": 3.327425572962196e-15,
        "95": 5.257940702838361e-13
      },
      "tiny_counts": {
        "1e-12": 298263692,
        "1e-10": 307109269,
        "1e-08": 307231115,
        "1e-06": 307232754
      },
      "zero_count": 0,
      "histogram": {
        "counts": [
          208005075,
          2417231,
          1634247,
          1313600,
          1129377,
          995216,
          880075,
          781047,
          698906,
          635129,
          579785,
          535466,
          518364,
          531304,
          568460,
          732798,
          1314065,
          2636474,
          4674767,
          7105966,
          7398115,
          7453522,
          8103959,
          8504695,
          8537645,
          9529905,
          8133402,
          5293215,
          3123630,
          1730950,
          855686,
          416394,
          206356,
          107825,
          63952,
          39718,
          23235,
          11575,
          5471,
          2784,
          1484,
          860,
          471,
          276,
          131,
          84,
          38,
          24,
          9,
          5
        ],
        "bin_edges": [
          -20.0,
          -19.708965301513672,
          -19.417930603027344,
          -19.126895904541016,
          -18.835861206054688,
          -18.54482650756836,
          -18.25379180908203,
          -17.962757110595703,
          -17.671722412109375,
          -17.380687713623047,
          -17.089651107788086,
          -16.798616409301758,
          -16.50758171081543,
          -16.2165470123291,
          -15.925512313842773,
          -15.634477615356445,
          -15.343442916870117,
          -15.052408218383789,
          -14.761373519897461,
          -14.470338821411133,
          -14.179304122924805,
          -13.888269424438477,
          -13.597234725952148,
          -13.306199073791504,
          -13.015164375305176,
          -12.724129676818848,
          -12.43309497833252,
          -12.142060279846191,
          -11.851025581359863,
          -11.559990882873535,
          -11.268956184387207,
          -10.977921485900879,
          -10.686885833740234,
          -10.395851135253906,
          -10.104816436767578,
          -9.81378173828125,
          -9.522747039794922,
          -9.231712341308594,
          -8.940677642822266,
          -8.649642944335938,
          -8.35860824584961,
          -8.067572593688965,
          -7.776538372039795,
          -7.485503673553467,
          -7.1944684982299805,
          -6.903433799743652,
          -6.612399101257324,
          -6.321364402770996,
          -6.03032922744751,
          -5.739294528961182,
          -5.4482598304748535
        ],
        "log_scale": true
      }
    }
  },
  "step_values": {
    "values": [
      