{
  "step": 9,
  "timestamp": "2025-09-03T04:34:00.279097",
  "total_params": 730,
  "exp_avg": {
    "global": {
      "count": 307232768,
      "min": -0.005077592562884092,
      "max": 0.005937143228948116,
      "mean": 7.376645128065462e-11,
      "std": 1.643954078645038e-06,
      "all_zero": false,
      "percentiles": {
        "5": -4.138764396088845e-07,
        "25": -2.3123796849761416e-13,
        "50": 8.89516426527141e-19,
        "75": 2.362401046269655e-13,
        "95": 4.141613104025048e-07
      },
      "tiny_counts": {
        "1e-12": 171368311,
        "1e-10": 208139752,
        "1e-08": 223476867,
        "1e-06": 293211619
      },
      "zero_count": 0,
      "histogram": {
        "counts": [
          26611,
          55783,
          104605,
          246939,
          577029,
          1176813,
          2339743,
          2910511,
          3052073,
          4137231,
          6212293,
          8949920,
          12012488,
          14735038,
          16445355,
          16832671,
          16057145,
          14655423,
          13138191,
          11895998,
          10928855,
          10098616,
          9247269,
          8331914,
          7308758,
          6307683,
          5344972,
          4478711,
          3709470,
          3025873,
          2506882,
          2212788,
          2261988,
          3002843,
          5056983,
          9230441,
          14747197,
          17750940,
          16708436,
          12103585,
          5442678,
          1462751,
          306472,
          72171,
          17864,
          3741,
          778,
          189,
          50,
          10
        ],
        "bin_edges": [
          -19.999990463256836,
          -19.644519805908203,
          -19.289047241210938,
          -18.933576583862305,
          -18.578105926513672,
          -18.222633361816406,
          -17.867162704467773,
          -17.511690139770508,
          -17.156219482421875,
          -16.800748825073242,
          -16.445276260375977,
          -16.089805603027344,
          -15.734333992004395,
          -15.378862380981445,
          -15.023391723632812,
          -14.667920112609863,
          -14.312448501586914,
          -13.956977844238281,
          -13.601506233215332,
          -13.246034622192383,
          -12.890563011169434,
          -12.5350923538208,
          -12.179620742797852,
          -11.824149131774902,
          -11.468677520751953,
          -11.11320686340332,
          -10.757735252380371,
          -10.402263641357422,
          -10.046792030334473,
          -9.69132137298584,
          -9.33584976196289,
          -8.980378150939941,
          -8.624906539916992,
          -8.26943588256836,
          -7.91396427154541,
          -7.558493137359619,
          -7.20302152633667,
          -6.847550392150879,
          -6.49207878112793,
          -6.136607646942139,
          -5.7811360359191895,
          -5.425664901733398,
          -5.070193290710449,
          -4.714722156524658,
          -4.359250545501709,
          -4.003779411315918,
          -3.648308038711548,
          -3.2928366661071777,
          -2.9373652935028076,
          -2.5818939208984375,
          -2.2264225482940674
        ],
        "log_scale": true
      }
    }
  },
  "exp_avg_sq": {
    "global": {
      "count": 307232768,
      "min": 1.0242510865289385e-39,
      "max": 3.3800035907916026e-06,
      "mean": 6.766792529956656e-13,
      "std": 4.641077522293813e-10,
      "all_zero": false,
      "percentiles": {
        "5": 3.153114455235026e-33,
        "25": 6.022517788810813e-30,
        "50": 4.570312030790993e-26,
        "75": 2.9961478638570462e-15,
        "95": 4.959971235812821e-13
      },
      "tiny_counts": {
        "1e-12": 298702714,
        "1e-10": 307117353,
        "1e-08": 307231232,
        "1e-06": 307232756
      },
      "zero_count": 0,
      "histogram": {
        "counts": [
          208865435,
          2381282,
          1611287,
          1291811,
          1104420,
          970286,
          855616,
          759834,
          681775,
          619851,
          562729,
          518636,
          503068,
          514167,
          553712,
          729223,
          1346685,
          2693570,
          4768867,
          7098127,
          7330050,
          7426914,
          8076111,
          8433340,
          8520415,
          9456479,
          7961374,
          5170336,
          3050969,
          1686458,
          833531,
          406078,
          200961,
          104710,
          61936,
          38423,
          22182,
          10991,
          5175,
          2691,
          1429,
          832,
          457,
          264,
          126,
          82,
          34,
          25,
          9,
          5
        ],
        "bin_edges": [
          -20.0,
          -19.709421157836914,
          -19.41884422302246,
          -19.128265380859375,
          -18.83768653869629,
          -18.547107696533203,
          -18.25653076171875,
          -17.965951919555664,
          -17.675373077392578,
          -17.384794235229492,
          -17.09421730041504,
          -16.803638458251953,
          -16.513059616088867,
          -16.22248077392578,
          -15.931902885437012,
          -15.641324996948242,
          -15.350746154785156,
          -15.060168266296387,
          -14.7695894241333,
          -14.479011535644531,
          -14.188432693481445,
          -13.897854804992676,
          -13.60727596282959,
          -13.31669807434082,
          -13.026119232177734,
          -12.735541343688965,
          -12.444963455200195,
          -12.15438461303711,
          -11.86380672454834,
          -11.573227882385254,
          -11.282649993896484,
          -10.992071151733398,
          -10.701493263244629,
          -10.410914421081543,
          -10.120336532592773,
          -9.829757690429688,
          -9.539179801940918,
          -9.248600959777832,
          -8.958023071289062,
          -8.667444229125977,
          -8.376866340637207,
          -8.086287498474121,
          -7.795709609985352,
          -7.505131244659424,
          -7.214552879333496,
          -6.923974514007568,
          -6.633396148681641,
          -6.342817783355713,
          -6.052239418029785,
          -5.761661052703857,
          -5.47108268737793
        ],
        "log_scale": true
      }
    }
  },
  "step_values": {
    "values": [
      