{
  "step": 10,
  "timestamp": "2025-09-03T04:37:54.818000",
  "total_params": 730,
  "exp_avg": {
    "global": {
      "count": 307232768,
      "min": -0.004313755314797163,
      "max": 0.006111170630902052,
      "mean": 7.235285287565674e-11,
      "std": 1.5729909819128807e-06,
      "all_zero": false,
      "percentiles": {
        "5": -4.099277930436074e-07,
        "25": -2.3170197314612007e-13,
        "50": 8.961405922700422e-19,
        "75": 2.3778884677277956e-13,
        "95": 4.102551827145362e-07
      },
      "tiny_counts": {
        "1e-12": 171284610,
        "1e-10": 208003724,
        "1e-08": 223372633,
        "1e-06": 293378613
      },
      "zero_count": 0,
      "histogram": {
        "counts": [
          24522,
          48880,
          128998,
          256326,
          577313,
          1230306,
          2401269,
          2903018,
          3042886,
          4166497,
          6237408,
          8968975,
          12000221,
          14677463,
          16411097,
          16818726,
          16054472,
          14650883,
          13155465,
          11909452,
          10924559,
          10074740,
          9220183,
          8298315,
          7287310,
          6294406,
          5331522,
          4459036,
          3677135,
          3004472,
          2509872,
          2222248,
          2286959,
          3069878,
          5203296,
          9466844,
          14977970,
          17813990,
          16632794,
          11868069,
          5196550,
          1372741,
          286886,
          67840,
          16633,
          3417,
          685,
          190,
          45,
          6
        ],
        "bin_edges": [
          -19.99994659423828,
          -19.64422607421875,
          -19.288503646850586,
          -18.932783126831055,
          -18.57706069946289,
          -18.22134017944336,
          -17.865617752075195,
          -17.509897232055664,
          -17.1541748046875,
          -16.79845428466797,
          -16.442731857299805,
          -16.087011337280273,
          -15.731289863586426,
          -15.375568389892578,
          -15.01984691619873,
          -14.664125442504883,
          -14.308403968811035,
          -13.952682495117188,
          -13.59696102142334,
          -13.241239547729492,
          -12.885518074035645,
          -12.529796600341797,
          -12.17407512664795,
          -11.818353652954102,
          -11.462632179260254,
          -11.106910705566406,
          -10.751189231872559,
          -10.395467758178711,
          -10.03974723815918,
          -9.684025764465332,
          -9.328304290771484,
          -8.972582817077637,
          -8.616861343383789,
          -8.261139869689941,
          -7.905418395996094,
          -7.549696922302246,
          -7.193975448608398,
          -6.838253974914551,
          -6.482532501220703,
          -6.1268110275268555,
          -5.771089553833008,
          -5.415368556976318,
          -5.059647083282471,
          -4.703925609588623,
          -4.348204135894775,
          -3.9924826622009277,
          -3.63676118850708,
          -3.2810397148132324,
          -2.925318479537964,
          -2.569597005844116,
          -2.2138755321502686
        ],
        "log_scale": true
      }
    }
  },
  "exp_avg_sq": {
    "global": {
      "count": 307232768,
      "min": 1.024059108639326e-39,
      "max": 3.5629188914754195e-06,
      "mean": 7.03057729221912e-13,
      "std": 4.804879827347008e-10,
      "all_zero": false,
      "percentiles": {
        "5": 3.3704847951068704e-33,
        "25": 6.609622862187763e-30,
        "50": 5.041799864922805e-26,
        "75": 3.1380857042240414e-15,
        "95": 5.104870681987119e-13
      },
      "tiny_counts": {
        "1e-12": 298487512,
        "1e-10": 307113472,
        "1e-08": 307231185,
        "1e-06": 307232756
      },
      "zero_count": 0,
      "histogram": {
        "counts": [
          208528994,
          2394033,
          1622075,
          1304689,
          1119656,
          984473,
          869256,
          771683,
          691740,
          628477,
          571394,
          526240,
          508917,
          519754,
          557337,
          729286,
          1336338,
          2683573,
          4755942,
          7124183,
          7356904,
          7445555,
          8100893,
          8466244,
          8542609,
          9503200,
          7992315,
          5176744,
          3050412,
          1684379,
          830698,
          404659,
          200120,
          104787,
          62184,
          38498,
          22345,
          11006,
          5243,
          2648,
          1460,
          821,
          460,
          264,
          126,
          83,
          34,
          24,
          8,
          5
        ],
        "bin_edges": [
          -20.0,
          -19.70896339416504,
          -19.41792869567871,
          -19.12689208984375,
          -18.83585548400879,
          -18.544818878173828,
          -18.2537841796875,
          -17.96274757385254,
          -17.671710968017578,
          -17.380674362182617,
          -17.08963966369629,
          -16.798603057861328,
          -16.507566452026367,
          -16.216529846191406,
          -15.925494194030762,
          -15.634458541870117,
          -15.343421936035156,
          -15.052386283874512,
          -14.76134967803955,
          -14.470314025878906,
          -14.179277420043945,
          -13.8882417678833,
          -13.59720516204834,
          -13.306169509887695,
          -13.015132904052734,
          -12.72409725189209,
          -12.433060646057129,
          -12.142024993896484,
          -11.850988388061523,
          -11.559952735900879,
          -11.268916130065918,
          -10.977880477905273,
          -10.686843872070312,
          -10.395808219909668,
          -10.104771614074707,
          -9.813735961914062,
          -9.522699356079102,
          -9.231663703918457,
          -8.940627098083496,
          -8.649591445922852,
          -8.35855484008789,
          -8.067519187927246,
          -7.776483058929443,
          -7.485446929931641,
          -7.194410800933838,
          -6.903374671936035,
          -6.612338542938232,
          -6.32130241394043,
          -6.030266284942627,
          -5.739230155944824,
          -5.4481940269470215
        ],
        "log_scale": true
      }
    }
  },
  "step_values": {
    "values": [
      