{
  "step": 13,
  "timestamp": "2025-09-03T04:49:35.110932",
  "total_params": 730,
  "exp_avg": {
    "global": {
      "count": 307232768,
      "min": -0.005424411501735449,
      "max": 0.008639461360871792,
      "mean": 4.261222277812671e-11,
      "std": 1.8300390820513712e-06,
      "all_zero": false,
      "percentiles": {
        "5": -4.120965201082071e-07,
        "25": -2.643286387297647e-13,
        "50": 6.190713796141537e-19,
        "75": 2.686292350671457e-13,
        "95": 4.121998046002759e-07
      },
      "tiny_counts": {
        "1e-12": 169830561,
        "1e-10": 206836494,
        "1e-08": 222433348,
        "1e-06": 293391514
      },
      "zero_count": 0,
      "histogram": {
        "counts": [
          22534,
          48319,
          129444,
          284576,
          639101,
          1366549,
          2450013,
          2811052,
          2936008,
          4141107,
          6258334,
          9035893,
          12076685,
          14735279,
          16460063,
          16848288,
          16035093,
          14546000,
          13088765,
          11927619,
          10984053,
          10129115,
          9231825,
          8250143,
          7206596,
          6151496,
          5186527,
          4350949,
          3560505,
          2930560,
          2476610,
          2239084,
          2478781,
          3618570,
          6402930,
          11447609,
          16684114,
          18158463,
          15712185,
          9708314,
          3457164,
          800808,
          169181,
          43194,
          10386,
          2243,
          482,
          120,
          33,
          6
        ],
        "bin_edges": [
          -19.999950408935547,
          -19.64122200012207,
          -19.282493591308594,
          -18.923763275146484,
          -18.565034866333008,
          -18.20630645751953,
          -17.847578048706055,
          -17.488849639892578,
          -17.1301212310791,
          -16.771390914916992,
          -16.412662506103516,
          -16.05393409729004,
          -15.695205688476562,
          -15.33647632598877,
          -14.977747917175293,
          -14.619019508361816,
          -14.260290145874023,
          -13.901561737060547,
          -13.54283332824707,
          -13.184103965759277,
          -12.8253755569458,
          -12.466647148132324,
          -12.107917785644531,
          -11.749189376831055,
          -11.390460968017578,
          -11.031731605529785,
          -10.673003196716309,
          -10.314274787902832,
          -9.955545425415039,
          -9.596817016601562,
          -9.238088607788086,
          -8.879359245300293,
          -8.520630836486816,
          -8.161901473999023,
          -7.803173065185547,
          -7.44444465637207,
          -7.0857157707214355,
          -6.726986885070801,
          -6.368257999420166,
          -6.0095295906066895,
          -5.650800704956055,
          -5.29207181930542,
          -4.933343410491943,
          -4.574614524841309,
          -4.215885639190674,
          -3.857156991958618,
          -3.4984283447265625,
          -3.1396994590759277,
          -2.780970811843872,
          -2.4222419261932373,
          -2.0635132789611816
        ],
        "log_scale": true
      }
    }
  },
  "exp_avg_sq": {
    "global": {
      "count": 307232768,
      "min": 1.0381365530119332e-39,
      "max": 3.9613059925613925e-06,
      "mean": 8.00716643597349e-13,
      "std": 5.633814526007086e-10,
      "all_zero": false,
      "percentiles": {
        "5": 4.6588791335119e-33,
        "25": 9.536911681215627e-30,
        "50": 7.65987174531909e-26,
        "75": 3.720071930826663e-15,
        "95": 5.596632993197849e-13
      },
      "tiny_counts": {
        "1e-12": 297769877,
        "1e-10": 307100289,
        "1e-08": 307230963,
        "1e-06": 307232754
      },
      "zero_count": 0,
      "histogram": {
        "counts": [
          206942417,
          2469644,
          1678577,
          1352068,
          1163031,
          1024343,
          904310,
          802972,
          719177,
          655123,
          599612,
          556235,
          539271,
          556720,
          595526,
          756470,
          1317724,
          2634297,
          4662023,
          7159601,
          7476498,
          7511443,
          8181042,
          8593794,
          8602158,
          9633525,
          8219235,
          5327786,
          3133571,
          1732982,
          852164,
          414399,
          205037,
          108247,
          64398,
          40207,
          23691,
          11647,
          5589,
          2767,
          1533,
          879,
          470,
          278,
          135,
          78,
          37,
          23,
          10,
          4
        ],
        "bin_edges": [
          -20.0,
          -19.708044052124023,
          -19.416086196899414,
          -19.124130249023438,
          -18.832172393798828,
          -18.54021644592285,
          -18.248258590698242,
          -17.956302642822266,
          -17.66434669494629,
          -17.37238883972168,
          -17.080432891845703,
          -16.788475036621094,
          -16.496519088745117,
          -16.204561233520508,
          -15.912605285644531,
          -15.620648384094238,
          -15.328691482543945,
          -15.036734580993652,
          -14.744778633117676,
          -14.452821731567383,
          -14.16086483001709,
          -13.868907928466797,
          -13.576951026916504,
          -13.284994125366211,
          -12.993037223815918,
          -12.701080322265625,
          -12.409124374389648,
          -12.117167472839355,
          -11.825210571289062,
          -11.53325366973877,
          -11.241296768188477,
          -10.949339866638184,
          -10.65738296508789,
          -10.365427017211914,
          -10.073470115661621,
          -9.781513214111328,
          -9.489556312561035,
          -9.197599411010742,
          -8.90564250946045,
          -8.613685607910156,
          -8.32172966003418,
          -8.029772758483887,
          -7.737815856933594,
          -7.445858955383301,
          -7.153902053833008,
          -6.861945629119873,
          -6.56998872756958,
          -6.278031826019287,
          -5.986074924468994,
          -5.694118499755859,
          -5.402161598205566
        ],
        "log_scale": true
      }
    }
  },
  "step_values": {
    "values": [
      