{
  "step": 4,
  "timestamp": "2025-09-03T04:14:54.814011",
  "total_params": 730,
  "exp_avg": {
    "global": {
      "count": 307232768,
      "min": -0.004803236108273268,
      "max": 0.005861452780663967,
      "mean": 4.644814741161518e-11,
      "std": 1.5180182799667818e-06,
      "all_zero": false,
      "percentiles": {
        "5": -4.2128853579015396e-07,
        "25": -2.216638670033723e-13,
        "50": 5.337275886006662e-19,
        "75": 2.2646261019329712e-13,
        "95": 4.214827612258873e-07
      },
      "tiny_counts": {
        "1e-12": 172048220,
        "1e-10": 208880753,
        "1e-08": 223955300,
        "1e-06": 292923538
      },
      "zero_count": 0,
      "histogram": {
        "counts": [
          22411,
          54298,
          128415,
          323624,
          604232,
          1362700,
          2376541,
          2657673,
          2717399,
          4040552,
          6170980,
          8969383,
          12057267,
          14781951,
          16515091,
          16920188,
          16159491,
          14789345,
          13313834,
          12028968,
          11000687,
          10171886,
          9306287,
          8341551,
          7351682,
          6324083,
          5346261,
          4477672,
          3715981,
          3023702,
          2462406,
          2143377,
          2192725,
          2884168,
          4814437,
          8850062,
          14442950,
          17684287,
          16773929,
          12318694,
          5654636,
          1541917,
          321037,
          73320,
          16446,
          3311,
          708,
          173,
          43,
          7
        ],
        "bin_edges": [
          -19.99989891052246,
          -19.644540786743164,
          -19.289182662963867,
          -18.93382453918457,
          -18.578466415405273,
          -18.223108291625977,
          -17.86775016784668,
          -17.512392044067383,
          -17.157033920288086,
          -16.80167579650879,
          -16.446317672729492,
          -16.090959548950195,
          -15.735601425170898,
          -15.380244255065918,
          -15.024886131286621,
          -14.669528007507324,
          -14.314169883728027,
          -13.95881175994873,
          -13.603453636169434,
          -13.248095512390137,
          -12.89273738861084,
          -12.537379264831543,
          -12.182021141052246,
          -11.82666301727295,
          -11.471304893493652,
          -11.115946769714355,
          -10.760588645935059,
          -10.405230522155762,
          -10.049872398376465,
          -9.694514274597168,
          -9.339156150817871,
          -8.983798027038574,
          -8.628439903259277,
          -8.27308177947998,
          -7.917724132537842,
          -7.562366008758545,
          -7.207007884979248,
          -6.851649761199951,
          -6.496291637420654,
          -6.140933513641357,
          -5.7855753898620605,
          -5.430217266082764,
          -5.074859142303467,
          -4.71950101852417,
          -4.364143371582031,
          -4.008785247802734,
          -3.6534268856048584,
          -3.2980690002441406,
          -2.9427108764648438,
          -2.587352752685547,
          -2.23199462890625
        ],
        "log_scale": true
      }
    }
  },
  "exp_avg_sq": {
    "global": {
      "count": 307232768,
      "min": 2.8932329133221633e-40,
      "max": 2.9641009859915357e-06,
      "mean": 5.234254327711463e-13,
      "std": 3.6463315700174803e-10,
      "all_zero": false,
      "percentiles": {
        "5": 2.022288182610667e-33,
        "25": 3.597101863007766e-30,
        "50": 2.5727485858290314e-26,
        "75": 2.320468146585074e-15,
        "95": 4.193678092507037e-13
      },
      "tiny_counts": {
        "1e-12": 299863523,
        "1e-10": 307140202,
        "1e-08": 307231618,
        "1e-06": 307232760
      },
      "zero_count": 0,
      "histogram": {
        "counts": [
          210722618,
          2214310,
          1480320,
          1183388,
          1009836,
          882230,
          775319,
          692358,
          627007,
          575349,
          530497,
          494852,
          488868,
          501339,
          555002,
          779689,
          1516421,
          2956203,
          5144532,
          7131984,
          7241885,
          7447491,
          8055902,
          8298772,
          8539677,
          9220112,
          7452138,
          4803541,
          2828521,
          1543309,
          760489,
          373244,
          183440,
          95294,
          56320,
          33874,
          18295,
          8932,
          4345,
          2246,
          1306,
          661,
          411,
          205,
          108,
          66,
          31,
          19,
          9,
          3
        ],
        "bin_edges": [
          -20.0,
          -19.710561752319336,
          -19.421123504638672,
          -19.13168716430664,
          -18.842248916625977,
          -18.552810668945312,
          -18.26337242126465,
          -17.973934173583984,
          -17.684497833251953,
          -17.39505958557129,
          -17.105621337890625,
          -16.81618309020996,
          -16.526744842529297,
          -16.237308502197266,
          -15.947870254516602,
          -15.658432006835938,
          -15.36899471282959,
          -15.079556465148926,
          -14.790118217468262,
          -14.500680923461914,
          -14.21124267578125,
          -13.921805381774902,
          -13.632367134094238,
          -13.342928886413574,
          -13.053491592407227,
          -12.764053344726562,
          -12.474616050720215,
          -12.18517780303955,
          -11.895739555358887,
          -11.606302261352539,
          -11.316864013671875,
          -11.027426719665527,
          -10.737988471984863,
          -10.448551177978516,
          -10.159112930297852,
          -9.869674682617188,
          -9.58023738861084,
          -9.290799140930176,
          -9.001361846923828,
          -8.711923599243164,
          -8.4224853515625,
          -8.133048057556152,
          -7.843609809875488,
          -7.554172039031982,
          -7.264734268188477,
          -6.975296497344971,
          -6.685858726501465,
          -6.396420955657959,
          -6.106982707977295,
          -5.817544937133789,
          -5.528107166290283
        ],
        "log_scale": true
      }
    }
  },
  "step_values": {
    "values": [
      