{
  "step": 15,
  "timestamp": "2025-09-03T04:57:39.125837",
  "total_params": 730,
  "exp_avg": {
    "global": {
      "count": 307232768,
      "min": -0.0050207944586873055,
      "max": 0.00687512056902051,
      "mean": 3.456178745975258e-11,
      "std": 1.78137361217523e-06,
      "all_zero": false,
      "percentiles": {
        "5": -4.1942239619174866e-07,
        "25": -2.7762948868028173e-13,
        "50": 3.526626638976955e-19,
        "75": 2.808868656872972e-13,
        "95": 4.194675298663235e-07
      },
      "tiny_counts": {
        "1e-12": 169219467,
        "1e-10": 206211838,
        "1e-08": 221838843,
        "1e-06": 293103888
      },
      "zero_count": 0,
      "histogram": {
        "counts": [
          27496,
          59826,
          120821,
          307346,
          627645,
          1404971,
          2367535,
          2731084,
          2791183,
          3937386,
          5983022,
          8688424,
          11661118,
          14347422,
          16186614,
          16759658,
          16086902,
          14661460,
          13209720,
          12000977,
          11018906,
          10176961,
          9301120,
          8354543,
          7321678,
          6263806,
          5275214,
          4415013,
          3623189,
          3002853,
          2537288,
          2256094,
          2396798,
          3316341,
          5690314,
          10261616,
          15817476,
          18216940,
          16528817,
          11317435,
          4677233,
          1180874,
          242553,
          59819,
          15158,
          3253,
          641,
          173,
          40,
          12
        ],
        "bin_edges": [
          -19.999927520751953,
          -19.6431827545166,
          -19.286439895629883,
          -18.92969512939453,
          -18.57295036315918,
          -18.21620750427246,
          -17.85946273803711,
          -17.502717971801758,
          -17.14597511291504,
          -16.789230346679688,
          -16.432485580444336,
          -16.075742721557617,
          -15.718997955322266,
          -15.362253189086914,
          -15.005509376525879,
          -14.648765563964844,
          -14.292020797729492,
          -13.935276985168457,
          -13.578533172607422,
          -13.22178840637207,
          -12.865044593811035,
          -12.508299827575684,
          -12.151556015014648,
          -11.794812202453613,
          -11.438067436218262,
          -11.081323623657227,
          -10.724579811096191,
          -10.36783504486084,
          -10.011091232299805,
          -9.65434741973877,
          -9.297602653503418,
          -8.940858840942383,
          -8.584114074707031,
          -8.227370262145996,
          -7.870626449584961,
          -7.513882160186768,
          -7.157137870788574,
          -6.800393581390381,
          -6.443649768829346,
          -6.086905479431152,
          -5.730161190032959,
          -5.373416900634766,
          -5.0166730880737305,
          -4.659928798675537,
          -4.303184509277344,
          -3.9464404582977295,
          -3.5896964073181152,
          -3.232952117919922,
          -2.8762080669403076,
          -2.5194637775421143,
          -2.1627197265625
        ],
        "log_scale": true
      }
    }
  },
  "exp_avg_sq": {
    "global": {
      "count": 307232768,
      "min": 1.0614569620552268e-39,
      "max": 3.985464445577236e-06,
      "mean": 8.55414155308265e-13,
      "std": 5.906314881620744e-10,
      "all_zero": false,
      "percentiles": {
        "5": 5.572723025317937e-33,
        "25": 1.1691103444464745e-29,
        "50": 9.673869997905684e-26,
        "75": 4.1177934983528414e-15,
        "95": 5.934374980353153e-13
      },
      "tiny_counts": {
        "1e-12": 297282764,
        "1e-10": 307091952,
        "1e-08": 307230845,
        "1e-06": 307232751
      },
      "zero_count": 0,
      "histogram": {
        "counts": [
          205943376,
          2508600,
          1714150,
          1380869,
          1188105,
          1051289,
          934351,
          832172,
          747842,
          680230,
          622350,
          575559,
          552449,
          571722,
          610608,
          762050,
          1278757,
          2547061,
          4505338,
          7096894,
          7560897,
          7526640,
          8179482,
          8650565,
          8599383,
          9645151,
          8481395,
          5555205,
          3275756,
          1824629,
          901511,
          437065,
          217085,
          113631,
          67383,
          42654,
          25216,
          12650,
          6082,
          2988,
          1592,
          934,
          496,
          298,
          142,
          88,
          39,
          24,
          10,
          5
        ],
        "bin_edges": [
          -20.0,
          -19.707990646362305,
          -19.41598129272461,
          -19.123971939086914,
          -18.83196258544922,
          -18.53995132446289,
          -18.247941970825195,
          -17.9559326171875,
          -17.663923263549805,
          -17.37191390991211,
          -17.079904556274414,
          -16.78789520263672,
          -16.495885848999023,
          -16.203874588012695,
          -15.911866188049316,
          -15.619855880737305,
          -15.32784652709961,
          -15.035837173461914,
          -14.743827819824219,
          -14.451817512512207,
          -14.159808158874512,
          -13.867798805236816,
          -13.575789451599121,
          -13.28377914428711,
          -12.991769790649414,
          -12.699760437011719,
          -12.407751083374023,
          -12.115741729736328,
          -11.823731422424316,
          -11.531722068786621,
          -11.239712715148926,
          -10.94770336151123,
          -10.655693054199219,
          -10.363683700561523,
          -10.071674346923828,
          -9.779664993286133,
          -9.487654685974121,
          -9.195645332336426,
          -8.90363597869873,
          -8.611626625061035,
          -8.319616317749023,
          -8.027606964111328,
          -7.735597610473633,
          -7.443587779998779,
          -7.151578426361084,
          -6.8595685958862305,
          -6.567559242248535,
          -6.275549411773682,
          -5.983540058135986,
          -5.691530227661133,
          -5.3995208740234375
        ],
        "log_scale": true
      }
    }
  },
  "step_values": {
    "values": [
      