{
  "step": 5,
  "timestamp": "2025-09-03T04:18:49.138840",
  "total_params": 730,
  "exp_avg": {
    "global": {
      "count": 307232768,
      "min": -0.004357411526143551,
      "max": 0.006637816317379475,
      "mean": 6.388259365941451e-11,
      "std": 1.5651547755624051e-06,
      "all_zero": false,
      "percentiles": {
        "5": -4.1649463753401497e-07,
        "25": -2.312849144516828e-13,
        "50": 6.052622713718286e-19,
        "75": 2.363220635349418e-13,
        "95": 4.1668009913564606e-07
      },
      "tiny_counts": {
        "1e-12": 171551216,
        "1e-10": 208658178,
        "1e-08": 223910096,
        "1e-06": 293117649
      },
      "zero_count": 0,
      "histogram": {
        "counts": [
          21538,
          52291,
          115802,
          260620,
          544200,
          1301643,
          2265276,
          2833479,
          2856873,
          4059945,
          6178577,
          8952191,
          12055599,
          14809119,
          16543842,
          16963374,
          16182020,
          14794354,
          13309059,
          12023001,
          10990111,
          10183624,
          9325541,
          8353101,
          7347551,
          6314992,
          5329959,
          4466228,
          3709809,
          3011021,
          2461932,
          2161071,
          2252682,
          3052359,
          5210523,
          9557489,
          15140623,
          17830583,
          16457862,
          11507996,
          4863035,
          1247418,
          257235,
          60288,
          13346,
          2820,
          579,
          143,
          38,
          6
        ],
        "bin_edges": [
          -19.999998092651367,
          -19.643558502197266,
          -19.28711700439453,
          -18.93067741394043,
          -18.574235916137695,
          -18.217796325683594,
          -17.86135482788086,
          -17.504915237426758,
          -17.148473739624023,
          -16.792034149169922,
          -16.435592651367188,
          -16.079153060913086,
          -15.722712516784668,
          -15.36627197265625,
          -15.009831428527832,
          -14.653390884399414,
          -14.296950340270996,
          -13.940509796142578,
          -13.58406925201416,
          -13.227629661560059,
          -12.87118911743164,
          -12.514748573303223,
          -12.158308029174805,
          -11.801867485046387,
          -11.445426940917969,
          -11.08898639678955,
          -10.732545852661133,
          -10.376105308532715,
          -10.019664764404297,
          -9.663224220275879,
          -9.306783676147461,
          -8.950343132019043,
          -8.593903541564941,
          -8.237462997436523,
          -7.881021976470947,
          -7.5245819091796875,
          -7.1681413650512695,
          -6.811700820922852,
          -6.455260276794434,
          -6.098819732666016,
          -5.742379188537598,
          -5.385939121246338,
          -5.02949857711792,
          -4.673058032989502,
          -4.316617488861084,
          -3.960176944732666,
          -3.603736639022827,
          -3.247296094894409,
          -2.890855550765991,
          -2.5344152450561523,
          -2.1779747009277344
        ],
        "log_scale": true
      }
    }
  },
  "exp_avg_sq": {
    "global": {
      "count": 307232768,
      "min": 2.9243137132608878e-40,
      "max": 3.1497515919909347e-06,
      "mean": 5.544196829063153e-13,
      "std": 3.9654010630663095e-10,
      "all_zero": false,
      "percentiles": {
        "5": 2.2616151406511377e-33,
        "25": 4.11666246674918e-30,
        "50": 2.961425130137686e-26,
        "75": 2.439067846975049e-15,
        "95": 4.3408481561861556e-13
      },
      "tiny_counts": {
        "1e-12": 299637744,
        "1e-10": 307135955,
        "1e-08": 307231545,
        "1e-06": 307232759
      },
      "zero_count": 0,
      "histogram": {
        "counts": [
          210367511,
          2258723,
          1517513,
          1212010,
          1031982,
          901837,
          793058,
          706977,
          637778,
          582808,
          534312,
          497612,
          489203,
          502565,
          555411,
          774058,
          1497855,
          2929324,
          5114533,
          7151969,
          7255273,
          7453836,
          8078929,
          8329286,
          8559239,
          9285187,
          7491580,
          4814444,
          2829983,
          1542672,
          758499,
          371186,
          182560,
          95291,
          56595,
          34040,
          18528,
          9071,
          4409,
          2270,
          1317,
          678,
          411,
          209,
          107,
          69,
          32,
          16,
          8,
          4
        ],
        "bin_edges": [
          -20.0,
          -19.71003532409668,
          -19.420068740844727,
          -19.130104064941406,
          -18.840137481689453,
          -18.550172805786133,
          -18.26020622253418,
          -17.97024154663086,
          -17.680274963378906,
          -17.390310287475586,
          -17.100345611572266,
          -16.810379028320312,
          -16.520414352416992,
          -16.23044776916504,
          -15.940483093261719,
          -15.650517463684082,
          -15.360551834106445,
          -15.070586204528809,
          -14.780620574951172,
          -14.490654945373535,
          -14.200689315795898,
          -13.910723686218262,
          -13.620758056640625,
          -13.330793380737305,
          -13.040827751159668,
          -12.750862121582031,
          -12.460896492004395,
          -12.170930862426758,
          -11.880965232849121,
          -11.590999603271484,
          -11.301033973693848,
          -11.011068344116211,
          -10.72110366821289,
          -10.431138038635254,
          -10.141172409057617,
          -9.85120677947998,
          -9.561241149902344,
          -9.271275520324707,
          -8.98130989074707,
          -8.691344261169434,
          -8.401378631591797,
          -8.111413955688477,
          -7.821447849273682,
          -7.531482219696045,
          -7.241517066955566,
          -6.95155143737793,
          -6.661585807800293,
          -6.371620178222656,
          -6.081655025482178,
          -5.791689395904541,
          -5.501723766326904
        ],
        "log_scale": true
      }
    }
  },
  "step_values": {
    "values": [
      