{
  "step": 2,
  "timestamp": "2025-09-03T04:07:04.049026",
  "total_params": 730,
  "exp_avg": {
    "global": {
      "count": 307232768,
      "min": -0.0037775966338813305,
      "max": 0.005935155786573887,
      "mean": 3.051903174622339e-11,
      "std": 1.4734802107341238e-06,
      "all_zero": false,
      "percentiles": {
        "5": -4.208889947676653e-07,
        "25": -1.995353108273385e-13,
        "50": 5.525835067059363e-19,
        "75": 2.0365277186525955e-13,
        "95": 4.209329347304447e-07
      },
      "tiny_counts": {
        "1e-12": 173278634,
        "1e-10": 209505972,
        "1e-08": 224287823,
        "1e-06": 292834262
      },
      "zero_count": 0,
      "histogram": {
        "counts": [
          32995,
          58023,
          111560,
          276389,
          616868,
          1349266,
          2410476,
          2849190,
          2893421,
          4322023,
          6569719,
          9431250,
          12463740,
          15049369,
          16650927,
          16925106,
          15996177,
          14546817,
          13102553,
          11875038,
          10892138,
          10074643,
          9226957,
          8252749,
          7231310,
          6178702,
          5230067,
          4369525,
          3633059,
          2960026,
          2408746,
          2093138,
          2158425,
          2856041,
          4816534,
          8865049,
          14418717,
          17598437,
          16628958,
          12215342,
          5638147,
          1542444,
          322390,
          70408,
          15979,
          3051,
          685,
          149,
          38,
          7
        ],
        "bin_edges": [
          -19.999977111816406,
          -19.644508361816406,
          -19.28904151916504,
          -18.93357276916504,
          -18.57810401916504,
          -18.22263526916504,
          -17.867168426513672,
          -17.511699676513672,
          -17.156230926513672,
          -16.800764083862305,
          -16.445295333862305,
          -16.089826583862305,
          -15.734358787536621,
          -15.378890991210938,
          -15.023422241210938,
          -14.667954444885254,
          -14.31248664855957,
          -13.95701789855957,
          -13.601550102233887,
          -13.246081352233887,
          -12.890613555908203,
          -12.535144805908203,
          -12.17967700958252,
          -11.824209213256836,
          -11.468740463256836,
          -11.113272666931152,
          -10.757803916931152,
          -10.402336120605469,
          -10.046868324279785,
          -9.691399574279785,
          -9.335931777954102,
          -8.980463027954102,
          -8.624995231628418,
          -8.269527435302734,
          -7.914058685302734,
          -7.558590888977051,
          -7.203122615814209,
          -6.847654342651367,
          -6.492186069488525,
          -6.136717796325684,
          -5.78125,
          -5.425781726837158,
          -5.070313453674316,
          -4.714845180511475,
          -4.359376907348633,
          -4.003909111022949,
          -3.6484405994415283,
          -3.2929725646972656,
          -2.937504291534424,
          -2.582036256790161,
          -2.2265679836273193
        ],
        "log_scale": true
      }
    }
  },
  "exp_avg_sq": {
    "global": {
      "count": 307232768,
      "min": 2.8943119131396934e-40,
      "max": 2.525188392610289e-06,
      "mean": 4.674374494244293e-13,
      "std": 3.3544680921870906e-10,
      "all_zero": false,
      "percentiles": {
        "5": 1.4152538127236907e-33,
        "25": 2.4894205587702915e-30,
        "50": 1.7690633356028844e-26,
        "75": 2.0250617004609925e-15,
        "95": 3.8615230804617004e-13
      },
      "tiny_counts": {
        "1e-12": 300380378,
        "1e-10": 307150919,
        "1e-08": 307231747,
        "1e-06": 307232760
      },
      "zero_count": 0,
      "histogram": {
        "counts": [
          211656974,
          2119249,
          1414572,
          1128361,
          958617,
          836411,
          736281,
          657309,
          595820,
          549213,
          509740,
          480636,
          479159,
          494479,
          557281,
          801408,
          1568451,
          3009901,
          5167547,
          7064774,
          7200136,
          7406657,
          7979294,
          8195130,
          8442722,
          9069604,
          7385489,
          4803723,
          2841974,
          1558410,
          774666,
          380839,
          187358,
          95982,
          55684,
          33106,
          17841,
          8644,
          4332,
          2196,
          1299,
          656,
          401,
          202,
          110,
          67,
          30,
          20,
          8,
          5
        ],
        "bin_edges": [
          -20.0,
          -19.71195411682129,
          -19.423908233642578,
          -19.135862350463867,
          -18.847816467285156,
          -18.559770584106445,
          -18.271724700927734,
          -17.983678817749023,
          -17.695632934570312,
          -17.4075870513916,
          -17.11954116821289,
          -16.83149528503418,
          -16.54344940185547,
          -16.255403518676758,
          -15.967357635498047,
          -15.679311752319336,
          -15.391265869140625,
          -15.103219985961914,
          -14.815174102783203,
          -14.527128219604492,
          -14.239082336425781,
          -13.95103645324707,
          -13.66299057006836,
          -13.374944686889648,
          -13.086898803710938,
          -12.798852920532227,
          -12.510807037353516,
          -12.222761154174805,
          -11.934715270996094,
          -11.646669387817383,
          -11.358623504638672,
          -11.070577621459961,
          -10.78253173828125,
          -10.494485855102539,
          -10.206439971923828,
          -9.918394088745117,
          -9.630348205566406,
          -9.342302322387695,
          -9.054256439208984,
          -8.766210556030273,
          -8.478164672851562,
          -8.190118789672852,
          -7.902073383331299,
          -7.614027500152588,
          -7.325981616973877,
          -7.037935733795166,
          -6.749889850616455,
          -6.461843967437744,
          -6.173798084259033,
          -5.885752201080322,
          -5.597706317901611
        ],
        "log_scale": true
      }
    }
  },
  "step_values": {
    "values": [
      