{
  "step": 6,
  "timestamp": "2025-09-03T04:22:24.711133",
  "total_params": 730,
  "exp_avg": {
    "global": {
      "count": 307232768,
      "min": -0.005394172854721546,
      "max": 0.007601057644933462,
      "mean": 5.6322741609493576e-11,
      "std": 1.6766506405474502e-06,
      "all_zero": false,
      "percentiles": {
        "5": -4.141242769151176e-07,
        "25": -2.4250282229347497e-13,
        "50": 7.891525348545508e-19,
        "75": 2.494183922981466e-13,
        "95": 4.1423515853011646e-07
      },
      "tiny_counts": {
        "1e-12": 170941459,
        "1e-10": 208329470,
        "1e-08": 223766795,
        "1e-06": 293220604
      },
      "zero_count": 0,
      "histogram": {
        "counts": [
          21861,
          49313,
          111767,
          287132,
          606727,
          1356742,
          2370466,
          2740381,
          2744996,
          3978519,
          6082656,
          8862580,
          12000360,
          14810918,
          16586034,
          17019864,
          16275239,
          14877465,
          13323521,
          12050980,
          11036085,
          10194273,
          9313125,
          8351167,
          7345825,
          6303188,
          5319879,
          4460084,
          3688298,
          2991621,
          2465066,
          2189436,
          2329338,
          3256106,
          5667646,
          10333690,
          15821142,
          17928638,
          16071525,
          10623010,
          4118385,
          998310,
          205241,
          49888,
          11205,
          2404,
          503,
          130,
          33,
          6
        ],
        "bin_edges": [
          -19.999988555908203,
          -19.642372131347656,
          -19.284753799438477,
          -18.92713737487793,
          -18.56951904296875,
          -18.211902618408203,
          -17.854284286499023,
          -17.496667861938477,
          -17.13905143737793,
          -16.78143310546875,
          -16.423816680908203,
          -16.066198348999023,
          -15.708581924438477,
          -15.350964546203613,
          -14.99334716796875,
          -14.635729789733887,
          -14.278112411499023,
          -13.92049503326416,
          -13.562877655029297,
          -13.20526123046875,
          -12.847643852233887,
          -12.490026473999023,
          -12.13240909576416,
          -11.774791717529297,
          -11.417174339294434,
          -11.05955696105957,
          -10.701940536499023,
          -10.34432315826416,
          -9.986705780029297,
          -9.629088401794434,
          -9.27147102355957,
          -8.913853645324707,
          -8.556236267089844,
          -8.19861888885498,
          -7.841001987457275,
          -7.483384609222412,
          -7.125767707824707,
          -6.768150329589844,
          -6.4105329513549805,
          -6.052916049957275,
          -5.695298671722412,
          -5.337681293487549,
          -4.9800639152526855,
          -4.6224470138549805,
          -4.264829635620117,
          -3.907212257385254,
          -3.5495951175689697,
          -3.1919777393341064,
          -2.8343605995178223,
          -2.476743221282959,
          -2.119126081466675
        ],
        "log_scale": true
      }
    }
  },
  "exp_avg_sq": {
    "global": {
      "count": 307232768,
      "min": 9.23151606223296e-40,
      "max": 3.2213304166361922e-06,
      "mean": 5.894419067425938e-13,
      "std": 4.263412678451317e-10,
      "all_zero": false,
      "percentiles": {
        "5": 2.6779939098687606e-33,
        "25": 4.89750471374617e-30,
        "50": 3.5395541704805486e-26,
        "75": 2.589068858664754e-15,
        "95": 4.5076850916205285e-13
      },
      "tiny_counts": {
        "1e-12": 299385445,
        "1e-10": 307131092,
        "1e-08": 307231468,
        "1e-06": 307232758
      },
      "zero_count": 0,
      "histogram": {
        "counts": [
          209858421,
          2308926,
          1554608,
          1243136,
          1059220,
          928456,
          816093,
          727089,
          653625,
          595489,
          543759,
          503412,
          494201,
          506780,
          555492,
          762355,
          1458180,
          2867909,
          5021078,
          7144644,
          7277430,
          7449362,
          8085887,
          8361297,
          8547440,
          9338593,
          7621676,
          4907668,
          2888021,
          1579238,
          776677,
          379844,
          187119,
          97756,
          57873,
          35108,
          19471,
          9463,
          4640,
          2369,
          1350,
          715,
          432,
          222,
          107,
          71,
          31,
          23,
          7,
          5
        ],
        "bin_edges": [
          -20.0,
          -19.7098388671875,
          -19.419677734375,
          -19.129518508911133,
          -18.839357376098633,
          -18.549196243286133,
          -18.259035110473633,
          -17.968875885009766,
          -17.678714752197266,
          -17.388553619384766,
          -17.098392486572266,
          -16.808231353759766,
          -16.5180721282959,
          -16.2279109954834,
          -15.937749862670898,
          -15.647589683532715,
          -15.357428550720215,
          -15.067268371582031,
          -14.777107238769531,
          -14.486947059631348,
          -14.196785926818848,
          -13.906624794006348,
          -13.616464614868164,
          -13.326303482055664,
          -13.03614330291748,
          -12.74598217010498,
          -12.455821990966797,
          -12.165660858154297,
          -11.875500679016113,
          -11.585339546203613,
          -11.29517936706543,
          -11.00501823425293,
          -10.71485710144043,
          -10.424696922302246,
          -10.134535789489746,
          -9.844375610351562,
          -9.554214477539062,
          -9.264054298400879,
          -8.973893165588379,
          -8.683732986450195,
          -8.393571853637695,
          -8.103410720825195,
          -7.813250541687012,
          -7.52308988571167,
          -7.232929229736328,
          -6.942768096923828,
          -6.652607440948486,
          -6.3624467849731445,
          -6.072286128997803,
          -5.782125473022461,
          -5.491964817047119
        ],
        "log_scale": true
      }
    }
  },
  "step_values": {
    "values": [
      