{
  "step": 20,
  "timestamp": "2025-09-03T05:17:21.833685",
  "total_params": 730,
  "exp_avg": {
    "global": {
      "count": 307232768,
      "min": -0.007440074346959591,
      "max": 0.008106783963739872,
      "mean": 2.4913805393711463e-11,
      "std": 2.03697618417209e-06,
      "all_zero": false,
      "percentiles": {
        "5": -4.2523707008967895e-07,
        "25": -2.9854802440984485e-13,
        "50": 3.6770867857442585e-19,
        "75": 3.01598488208505e-13,
        "95": 4.25478094712159e-07
      },
      "tiny_counts": {
        "1e-12": 168206097,
        "1e-10": 204971027,
        "1e-08": 220674431,
        "1e-06": 292917992
      },
      "zero_count": 0,
      "histogram": {
        "counts": [
          18105,
          54179,
          132368,
          264915,
          588385,
          1376381,
          2416189,
          2738458,
          2819491,
          4001437,
          6080796,
          8781187,
          11757704,
          14440164,
          16182521,
          16646019,
          15915048,
          14593054,
          13179030,
          11965146,
          10980383,
          10091279,
          9185046,
          8220922,
          7193078,
          6150037,
          5205315,
          4312388,
          3545931,
          2938008,
          2470296,
          2274347,
          2533760,
          3662508,
          6379097,
          11288608,
          16739335,
          18491297,
          16133833,
          10349028,
          3937345,
          939540,
          195055,
          49142,
          12883,
          2910,
          604,
          162,
          40,
          14
        ],
        "bin_edges": [
          -19.99993133544922,
          -19.641756057739258,
          -19.283580780029297,
          -18.925403594970703,
          -18.567228317260742,
          -18.20905303955078,
          -17.85087776184082,
          -17.49270248413086,
          -17.1345272064209,
          -16.776350021362305,
          -16.418174743652344,
          -16.059999465942383,
          -15.701824188232422,
          -15.343648910522461,
          -14.985472679138184,
          -14.627297401428223,
          -14.269122123718262,
          -13.910945892333984,
          -13.552770614624023,
          -13.194595336914062,
          -12.836419105529785,
          -12.478243827819824,
          -12.120068550109863,
          -11.761892318725586,
          -11.403717041015625,
          -11.045541763305664,
          -10.687365531921387,
          -10.329190254211426,
          -9.971014976501465,
          -9.612838745117188,
          -9.254663467407227,
          -8.896488189697266,
          -8.538311958312988,
          -8.180136680603027,
          -7.821960926055908,
          -7.463785648345947,
          -7.105609893798828,
          -6.747434139251709,
          -6.389258861541748,
          -6.031083106994629,
          -5.67290735244751,
          -5.314732074737549,
          -4.95655632019043,
          -4.5983805656433105,
          -4.24020528793335,
          -3.8820295333862305,
          -3.5238537788391113,
          -3.1656782627105713,
          -2.8075027465820312,
          -2.449326992034912,
          -2.091151475906372
        ],
        "log_scale": true
      }
    }
  },
  "exp_avg_sq": {
    "global": {
      "count": 307232768,
      "min": 1.1891881196753625e-39,
      "max": 4.739416453958256e-06,
      "mean": 1.025265159229627e-12,
      "std": 7.376879662679414e-10,
      "all_zero": false,
      "percentiles": {
        "5": 8.301104574003093e-33,
        "25": 1.8087119422882101e-29,
        "50": 1.5954649562039161e-25,
        "75": 5.117126357655254e-15,
        "95": 6.720680327358675e-13
      },
      "tiny_counts": {
        "1e-12": 296180140,
        "1e-10": 307072930,
        "1e-08": 307230516,
        "1e-06": 307232745
      },
      "zero_count": 0,
      "histogram": {
        "counts": [
          203848907,
          2605142,
          1787537,
          1444809,
          1241263,
          1096480,
          977330,
          874806,
          789111,
          716713,
          659124,
          610663,
          587411,
          610079,
          656032,
          799195,
          1271488,
          2501566,
          4420774,
          7143534,
          7748926,
          7638739,
          8297186,
          8838101,
          8720719,
          9807756,
          8746091,
          5708697,
          3355903,
          1867234,
          916936,
          442257,
          220159,
          116236,
          69029,
          43820,
          26263,
          13322,
          6495,
          3165,
          1670,
          951,
          532,
          298,
          149,
          90,
          40,
          25,
          7,
          8
        ],
        "bin_edges": [
          -20.0,
          -19.706485748291016,
          -19.41297149658203,
          -19.119457244873047,
          -18.82594108581543,
          -18.532426834106445,
          -18.23891258239746,
          -17.945398330688477,
          -17.651884078979492,
          -17.358369827270508,
          -17.064855575561523,
          -16.77134132385254,
          -16.477825164794922,
          -16.184310913085938,
          -15.890796661376953,
          -15.597282409667969,
          -15.303768157958984,
          -15.01025390625,
          -14.7167387008667,
          -14.423224449157715,
          -14.12971019744873,
          -13.836195945739746,
          -13.542680740356445,
          -13.249166488647461,
          -12.955652236938477,
          -12.662137985229492,
          -12.368622779846191,
          -12.075108528137207,
          -11.781594276428223,
          -11.488079071044922,
          -11.194564819335938,
          -10.901050567626953,
          -10.607536315917969,
          -10.314021110534668,
          -10.020506858825684,
          -9.7269926071167,
          -9.433478355407715,
          -9.139963150024414,
          -8.84644889831543,
          -8.552934646606445,
          -8.259420394897461,
          -7.965905666351318,
          -7.672390937805176,
          -7.378876686096191,
          -7.085361957550049,
          -6.7918477058410645,
          -6.498332977294922,
          -6.2048187255859375,
          -5.911303997039795,
          -5.6177897453308105,
          -5.324275016784668
        ],
        "log_scale": true
      }
    }
  },
  "step_values": {
    "values": [
      