{
  "step": 19,
  "timestamp": "2025-09-03T05:13:27.986485",
  "total_params": 730,
  "exp_avg": {
    "global": {
      "count": 307232768,
      "min": -0.006139666773378849,
      "max": 0.006435639224946499,
      "mean": 3.3276301852902535e-11,
      "std": 1.8571530517874635e-06,
      "all_zero": false,
      "percentiles": {
        "5": -4.226459864753451e-07,
        "25": -2.9997212396340456e-13,
        "50": 4.626516033285586e-19,
        "75": 3.0388711024561393e-13,
        "95": 4.2302027196683344e-07
      },
      "tiny_counts": {
        "1e-12": 168187291,
        "1e-10": 205116345,
        "1e-08": 220882396,
        "1e-06": 293021570
      },
      "zero_count": 0,
      "histogram": {
        "counts": [
          20492,
          54223,
          115509,
          257505,
          548253,
          1270251,
          2342790,
          2741450,
          2758844,
          3834188,
          5830852,
          8462137,
          11384502,
          14110995,
          15999221,
          16628149,
          16018564,
          14740432,
          13337543,
          12081987,
          11070753,
          10181053,
          9289488,
          8342709,
          7342346,
          6270172,
          5323495,
          4451539,
          3678773,
          3041376,
          2534191,
          2269133,
          2420595,
          3317231,
          5645756,
          10100950,
          15719260,
          18362717,
          16813116,
          11779844,
          5069518,
          1308200,
          272788,
          67320,
          17587,
          3902,
          796,
          207,
          51,
          15
        ],
        "bin_edges": [
          -19.999971389770508,
          -19.643800735473633,
          -19.287628173828125,
          -18.93145751953125,
          -18.575286865234375,
          -18.219114303588867,
          -17.862943649291992,
          -17.506772994995117,
          -17.15060043334961,
          -16.794429779052734,
          -16.43825912475586,
          -16.082088470458984,
          -15.725915908813477,
          -15.369745254516602,
          -15.01357364654541,
          -14.657402038574219,
          -14.301231384277344,
          -13.945059776306152,
          -13.588889122009277,
          -13.232717514038086,
          -12.876545906066895,
          -12.52037525177002,
          -12.164203643798828,
          -11.808032035827637,
          -11.451861381530762,
          -11.09568977355957,
          -10.739518165588379,
          -10.383347511291504,
          -10.027175903320312,
          -9.671005249023438,
          -9.314833641052246,
          -8.958662033081055,
          -8.60249137878418,
          -8.246319770812988,
          -7.890148639678955,
          -7.533977508544922,
          -7.1778059005737305,
          -6.821634769439697,
          -6.465463638305664,
          -6.109292030334473,
          -5.7531208992004395,
          -5.396949768066406,
          -5.040778636932373,
          -4.684607028961182,
          -4.328435897827148,
          -3.9722647666931152,
          -3.616093397140503,
          -3.2599222660064697,
          -2.9037508964538574,
          -2.547579765319824,
          -2.191408395767212
        ],
        "log_scale": true
      }
    }
  },
  "exp_avg_sq": {
    "global": {
      "count": 307232768,
      "min": 1.1466348892092108e-39,
      "max": 4.273914328223327e-06,
      "mean": 9.816254796859991e-13,
      "std": 6.822399312156335e-10,
      "all_zero": false,
      "percentiles": {
        "5": 7.960427944035563e-33,
        "25": 1.7197172774337834e-29,
        "50": 1.4802650097646465e-25,
        "75": 4.921690975130861e-15,
        "95": 6.567677174676434e-13
      },
      "tiny_counts": {
        "1e-12": 296394621,
        "1e-10": 307076564,
        "1e-08": 307230594,
        "1e-06": 307232746
      },
      "zero_count": 0,
      "histogram": {
        "counts": [
          204188124,
          2604256,
          1783498,
          1435653,
          1230150,
          1086506,
          969190,
          867355,
          781167,
          709274,
          650914,
          602386,
          578159,
          600179,
          643539,
          783132,
          1243435,
          2448128,
          4336922,
          7035535,
          7712714,
          7583846,
          8219720,
          8781550,
          8668328,
          9706175,
          8834813,
          5836018,
          3444976,
          1929589,
          955929,
          461158,
          229059,
          120215,
          70790,
          45173,
          27289,
          13968,
          6765,
          3277,
          1735,
          990,
          540,
          318,
          154,
          87,
          46,
          27,
          11,
          6
        ],
        "bin_edges": [
          -20.0,
          -19.70738410949707,
          -19.414766311645508,
          -19.122150421142578,
          -18.82953453063965,
          -18.536916732788086,
          -18.244300842285156,
          -17.951684951782227,
          -17.659067153930664,
          -17.366451263427734,
          -17.073835372924805,
          -16.781217575073242,
          -16.488601684570312,
          -16.195985794067383,
          -15.903368949890137,
          -15.61075210571289,
          -15.318135261535645,
          -15.025519371032715,
          -14.732902526855469,
          -14.440285682678223,
          -14.147669792175293,
          -13.855052947998047,
          -13.5624361038208,
          -13.269820213317871,
          -12.977203369140625,
          -12.684587478637695,
          -12.39197063446045,
          -12.099353790283203,
          -11.806737899780273,
          -11.514121055603027,
          -11.221504211425781,
          -10.928888320922852,
          -10.636271476745605,
          -10.34365463256836,
          -10.05103874206543,
          -9.758421897888184,
          -9.465805053710938,
          -9.173189163208008,
          -8.880572319030762,
          -8.587955474853516,
          -8.295339584350586,
          -8.00272274017334,
          -7.710106372833252,
          -7.417489528656006,
          -7.124873161315918,
          -6.83225679397583,
          -6.539639949798584,
          -6.247023582458496,
          -5.954407215118408,
          -5.661790370941162,
          -5.369174003601074
        ],
        "log_scale": true
      }
    }
  },
  "step_values": {
    "values": [
      