{
  "step": 18,
  "timestamp": "2025-09-03T05:09:15.017717",
  "total_params": 730,
  "exp_avg": {
    "global": {
      "count": 307232768,
      "min": -0.00677231652662158,
      "max": 0.007346451282501221,
      "mean": 3.8789020606611047e-11,
      "std": 1.919436272146413e-06,
      "all_zero": false,
      "percentiles": {
        "5": -4.2052280946336396e-07,
        "25": -3.060291278202121e-13,
        "50": 4.2904646036540272e-19,
        "75": 3.1137197448226697e-13,
        "95": 4.208541113825952e-07
      },
      "tiny_counts": {
        "1e-12": 168032606,
        "1e-10": 205252227,
        "1e-08": 221079173,
        "1e-06": 293133244
      },
      "zero_count": 0,
      "histogram": {
        "counts": [
          24518,
          42868,
          126677,
          295592,
          640820,
          1297765,
          2348907,
          2625723,
          2671003,
          3799609,
          5819583,
          8483112,
          11448072,
          14185455,
          16049615,
          16671244,
          16064556,
          14772305,
          13388596,
          12149558,
          11136149,
          10244227,
          9345971,
          8380077,
          7352262,
          6252647,
          5284286,
          4407097,
          3638778,
          3018455,
          2524252,
          2278302,
          2478418,
          3488753,
          6026983,
          10764680,
          16280409,
          18413358,
          16440295,
          10905235,
          4320798,
          1054465,
          218592,
          54560,
          14199,
          3081,
          624,
          180,
          45,
          12
        ],
        "bin_edges": [
          -19.999977111816406,
          -19.642656326293945,
          -19.285335540771484,
          -18.928014755249023,
          -18.57069206237793,
          -18.21337127685547,
          -17.856050491333008,
          -17.498729705810547,
          -17.141408920288086,
          -16.784088134765625,
          -16.42676544189453,
          -16.06944465637207,
          -15.71212387084961,
          -15.354803085327148,
          -14.997481346130371,
          -14.64016056060791,
          -14.28283977508545,
          -13.925518035888672,
          -13.568197250366211,
          -13.21087646484375,
          -12.853555679321289,
          -12.496233940124512,
          -12.13891315460205,
          -11.78159236907959,
          -11.424270629882812,
          -11.066949844360352,
          -10.70962905883789,
          -10.352307319641113,
          -9.994986534118652,
          -9.637665748596191,
          -9.280344009399414,
          -8.923023223876953,
          -8.565702438354492,
          -8.208380699157715,
          -7.851059913635254,
          -7.493738651275635,
          -7.136417865753174,
          -6.779096603393555,
          -6.4217753410339355,
          -6.064454555511475,
          -5.7071332931518555,
          -5.349812030792236,
          -4.992491245269775,
          -4.635169982910156,
          -4.277848720550537,
          -3.920527935028076,
          -3.563206672668457,
          -3.205885648727417,
          -2.848564624786377,
          -2.491243362426758,
          -2.1339223384857178
        ],
        "log_scale": true
      }
    }
  },
  "exp_avg_sq": {
    "global": {
      "count": 307232768,
      "min": 1.1212938077803608e-39,
      "max": 4.208941845718073e-06,
      "mean": 9.519856691148076e-13,
      "std": 6.635303972934992e-10,
      "all_zero": false,
      "percentiles": {
        "5": 7.685703967457259e-33,
        "25": 1.6425929614209658e-29,
        "50": 1.3884552205734874e-25,
        "75": 4.725733290915368e-15,
        "95": 6.403905183915981e-13
      },
      "tiny_counts": {
        "1e-12": 296623280,
        "1e-10": 307080510,
        "1e-08": 307230659,
        "1e-06": 307232746
      },
      "zero_count": 0,
      "histogram": {
        "counts": [
          204542178,
          2584091,
          1772150,
          1426324,
          1222754,
          1080564,
          963398,
          861890,
          775783,
          704655,
          647712,
          599721,
          575681,
          596449,
          635810,
          778481,
          1253347,
          2475489,
          4381522,
          7059960,
          7676375,
          7577920,
          8217635,
          8757066,
          8652394,
          9700991,
          8744880,
          5760215,
          3398860,
          1901039,
          941185,
          453883,
          225719,
          118343,
          69763,
          44483,
          26792,
          13639,
          6606,
          3198,
          1686,
          974,
          528,
          305,
          153,
          92,
          42,
          27,
          8,
          8
        ],
        "bin_edges": [
          -20.0,
          -19.707515716552734,
          -19.4150333404541,
          -19.122549057006836,
          -18.830066680908203,
          -18.537582397460938,
          -18.245100021362305,
          -17.95261573791504,
          -17.660131454467773,
          -17.36764907836914,
          -17.075164794921875,
          -16.782682418823242,
          -16.490198135375977,
          -16.197715759277344,
          -15.905231475830078,
          -15.612748146057129,
          -15.32026481628418,
          -15.02778148651123,
          -14.735298156738281,
          -14.442814826965332,
          -14.150330543518066,
          -13.857847213745117,
          -13.565363883972168,
          -13.272880554199219,
          -12.98039722442627,
          -12.68791389465332,
          -12.395430564880371,
          -12.102946281433105,
          -11.810462951660156,
          -11.517979621887207,
          -11.225496292114258,
          -10.933012962341309,
          -10.64052963256836,
          -10.34804630279541,
          -10.055562973022461,
          -9.763078689575195,
          -9.470595359802246,
          -9.178112030029297,
          -8.885628700256348,
          -8.593145370483398,
          -8.30066204071045,
          -8.0081787109375,
          -7.715694904327393,
          -7.423211574554443,
          -7.130728244781494,
          -6.838244438171387,
          -6.5457611083984375,
          -6.253277778625488,
          -5.960794448852539,
          -5.668310642242432,
          -5.375827312469482
        ],
        "log_scale": true
      }
    }
  },
  "step_values": {
    "values": [
      