{
  "step": 16,
  "timestamp": "2025-09-03T05:01:30.162684",
  "total_params": 730,
  "exp_avg": {
    "global": {
      "count": 307232768,
      "min": -0.005299493670463562,
      "max": 0.006628568284213543,
      "mean": 3.1513600756705173e-11,
      "std": 1.7977845345740207e-06,
      "all_zero": false,
      "percentiles": {
        "5": -4.205634894560716e-07,
        "25": -2.7391650959159713e-13,
        "50": 4.517520770414946e-19,
        "75": 2.7773004843177976e-13,
        "95": 4.2062703187184525e-07
      },
      "tiny_counts": {
        "1e-12": 169286720,
        "1e-10": 206039899,
        "1e-08": 221621384,
        "1e-06": 293059197
      },
      "zero_count": 0,
      "histogram": {
        "counts": [
          16465,
          50010,
          135699,
          286879,
          622278,
          1281669,
          2368524,
          2845892,
          2882132,
          3975086,
          6030687,
          8722774,
          11691757,
          14359594,
          16191563,
          16750412,
          16046731,
          14615927,
          13159658,
          11947787,
          10955871,
          10123357,
          9259016,
          8306287,
          7288970,
          6238757,
          5267195,
          4397936,
          3618701,
          3003822,
          2529376,
          2244204,
          2383677,
          3287958,
          5618620,
          10118716,
          15677145,
          18233572,
          16648234,
          11558907,
          4898529,
          1250018,
          257782,
          64104,
          16020,
          3507,
          717,
          186,
          48,
          12
        ],
        "bin_edges": [
          -19.999780654907227,
          -19.643356323242188,
          -19.28693199157715,
          -18.930509567260742,
          -18.574085235595703,
          -18.217660903930664,
          -17.861236572265625,
          -17.504812240600586,
          -17.148387908935547,
          -16.79196548461914,
          -16.4355411529541,
          -16.079116821289062,
          -15.722692489624023,
          -15.366268157958984,
          -15.009844779968262,
          -14.653420448303223,
          -14.296996116638184,
          -13.940572738647461,
          -13.584148406982422,
          -13.227724075317383,
          -12.87130069732666,
          -12.514876365661621,
          -12.158452033996582,
          -11.80202865600586,
          -11.44560432434082,
          -11.089179992675781,
          -10.732756614685059,
          -10.37633228302002,
          -10.019908905029297,
          -9.663484573364258,
          -9.307060241699219,
          -8.950636863708496,
          -8.594212532043457,
          -8.237788200378418,
          -7.881364345550537,
          -7.524940490722656,
          -7.168516159057617,
          -6.812092304229736,
          -6.4556684494018555,
          -6.099244594573975,
          -5.7428202629089355,
          -5.386396408081055,
          -5.029972553253174,
          -4.673548221588135,
          -4.317124366760254,
          -3.960700273513794,
          -3.604276418685913,
          -3.247852325439453,
          -2.891428232192993,
          -2.5350043773651123,
          -2.1785802841186523
        ],
        "log_scale": true
      }
    }
  },
  "exp_avg_sq": {
    "global": {
      "count": 307232768,
      "min": 1.0820070040345502e-39,
      "max": 4.000923581770621e-06,
      "mean": 8.858852236851011e-13,
      "std": 6.052001122469619e-10,
      "all_zero": false,
      "percentiles": {
        "5": 5.8627517546729606e-33,
        "25": 1.2367760874831972e-29,
        "50": 1.0424313685191223e-25,
        "75": 4.3112859990544696e-15,
        "95": 6.099301104326217e-13
      },
      "tiny_counts": {
        "1e-12": 297050642,
        "1e-10": 307087848,
        "1e-08": 307230780,
        "1e-06": 307232750
      },
      "zero_count": 0,
      "histogram": {
        "counts": [
          205557205,
          2521203,
          1726777,
          1392349,
          1196883,
          1057072,
          940564,
          838240,
          753264,
          685243,
          628538,
          582031,
          558195,
          578666,
          616400,
          762656,
          1259846,
          2504722,
          4432529,
          7058871,
          7599322,
          7532712,
          8175591,
          8676029,
          8600624,
          9645804,
          8604656,
          5662455,
          3342324,
          1867110,
          924730,
          446992,
          222165,
          116262,
          68755,
          43640,
          25964,
          13196,
          6326,
          3111,
          1661,
          945,
          513,
          307,
          150,
          87,
          42,
          25,
          10,
          6
        ],
        "bin_edges": [
          -20.0,
          -19.707956314086914,
          -19.415912628173828,
          -19.123870849609375,
          -18.83182716369629,
          -18.539783477783203,
          -18.24774169921875,
          -17.955698013305664,
          -17.663654327392578,
          -17.371610641479492,
          -17.079566955566406,
          -16.787525177001953,
          -16.495481491088867,
          -16.20343780517578,
          -15.911395072937012,
          -15.619352340698242,
          -15.327308654785156,
          -15.03526496887207,
          -14.7432222366333,
          -14.451179504394531,
          -14.159135818481445,
          -13.86709213256836,
          -13.57504940032959,
          -13.28300666809082,
          -12.990962982177734,
          -12.698919296264648,
          -12.406876564025879,
          -12.11483383178711,
          -11.822790145874023,
          -11.530746459960938,
          -11.238703727722168,
          -10.946660995483398,
          -10.654617309570312,
          -10.362573623657227,
          -10.070530891418457,
          -9.778488159179688,
          -9.486444473266602,
          -9.194400787353516,
          -8.902358055114746,
          -8.610315322875977,
          -8.31827163696289,
          -8.026227951049805,
          -7.734185218811035,
          -7.442142009735107,
          -7.15009880065918,
          -6.858055591583252,
          -6.566012382507324,
          -6.2739691734313965,
          -5.981925964355469,
          -5.689882755279541,
          -5.397839546203613
        ],
        "log_scale": true
      }
    }
  },
  "step_values": {
    "values": [
      