{
  "step": 8,
  "timestamp": "2025-09-03T04:30:09.757917",
  "total_params": 730,
  "exp_avg": {
    "global": {
      "count": 307232768,
      "min": -0.004316387232393026,
      "max": 0.006699251942336559,
      "mean": 5.71379298042185e-11,
      "std": 1.6090945109681343e-06,
      "all_zero": false,
      "percentiles": {
        "5": -4.1206599519227885e-07,
        "25": -2.330801364088843e-13,
        "50": 9.979035565511893e-19,
        "75": 2.392197225899173e-13,
        "95": 4.1229363461070466e-07
      },
      "tiny_counts": {
        "1e-12": 171357400,
        "1e-10": 208292580,
        "1e-08": 223626878,
        "1e-06": 293283597
      },
      "zero_count": 0,
      "histogram": {
        "counts": [
          21426,
          51197,
          97334,
          242017,
          575014,
          1228040,
          2313124,
          2869264,
          3001743,
          4100535,
          6181781,
          8938932,
          12012793,
          14769685,
          16532579,
          16940263,
          16171397,
          14778007,
          13250962,
          11967301,
          10985563,
          10144536,
          9277468,
          8333522,
          7300690,
          6270838,
          5300737,
          4439928,
          3672172,
          2993423,
          2472887,
          2194496,
          2296861,
          3133371,
          5375440,
          9809195,
          15306883,
          17845934,
          16401421,
          11359613,
          4736983,
          1209156,
          250797,
          59718,
          14065,
          2873,
          622,
          133,
          42,
          7
        ],
        "bin_edges": [
          -19.999975204467773,
          -19.643455505371094,
          -19.286935806274414,
          -18.9304141998291,
          -18.573894500732422,
          -18.217374801635742,
          -17.860855102539062,
          -17.504335403442383,
          -17.147815704345703,
          -16.79129409790039,
          -16.43477439880371,
          -16.07825469970703,
          -15.721735000610352,
          -15.365215301513672,
          -15.008694648742676,
          -14.652174949645996,
          -14.295654296875,
          -13.93913459777832,
          -13.58261489868164,
          -13.226094245910645,
          -12.869574546813965,
          -12.513054847717285,
          -12.156534194946289,
          -11.80001449584961,
          -11.44349479675293,
          -11.086974143981934,
          -10.730454444885254,
          -10.373934745788574,
          -10.017414093017578,
          -9.660894393920898,
          -9.304374694824219,
          -8.947854042053223,
          -8.591334342956543,
          -8.234814643859863,
          -7.878294467926025,
          -7.5217742919921875,
          -7.16525411605835,
          -6.808733940124512,
          -6.452214241027832,
          -6.095694065093994,
          -5.739173889160156,
          -5.382654190063477,
          -5.026134014129639,
          -4.669613838195801,
          -4.313094139099121,
          -3.956573963165283,
          -3.6000540256500244,
          -3.2435338497161865,
          -2.8870139122009277,
          -2.53049373626709,
          -2.173973798751831
        ],
        "log_scale": true
      }
    }
  },
  "exp_avg_sq": {
    "global": {
      "count": 307232768,
      "min": 1.017695812312827e-39,
      "max": 3.35625077241275e-06,
      "mean": 6.460482647983878e-13,
      "std": 4.5435386009096135e-10,
      "all_zero": false,
      "percentiles": {
        "5": 3.0255470532189063e-33,
        "25": 5.700831252448401e-30,
        "50": 4.176132103147653e-26,
        "75": 2.8524767293821728e-15,
        "95": 4.805657092968652e-13
      },
      "tiny_counts": {
        "1e-12": 298933243,
        "1e-10": 307122058,
        "1e-08": 307231321,
        "1e-06": 307232757
      },
      "zero_count": 0,
      "histogram": {
        "counts": [
          209241160,
          2355138,
          1589637,
          1272516,
          1083888,
          952402,
          841006,
          748544,
          672623,
          610825,
          555043,
          511822,
          497662,
          510312,
          552230,
          738845,
          1383773,
          2757651,
          4870147,
          7126303,
          7307610,
          7431051,
          8080101,
          8412935,
          8537563,
          9428535,
          7829501,
          5063979,
          2985107,
          1643246,
          809692,
          395023,
          195161,
          102053,
          60373,
          37064,
          21229,
          10351,
          4947,
          2573,
          1403,
          784,
          448,
          246,
          118,
          80,
          31,
          25,
          7,
          5
        ],
        "bin_edges": [
          -20.0,
          -19.709482192993164,
          -19.41896629333496,
          -19.128448486328125,
          -18.837932586669922,
          -18.547414779663086,
          -18.25689697265625,
          -17.966381072998047,
          -17.67586326599121,
          -17.385345458984375,
          -17.094829559326172,
          -16.804311752319336,
          -16.5137939453125,
          -16.223278045654297,
          -15.932760238647461,
          -15.642243385314941,
          -15.351726531982422,
          -15.061209678649902,
          -14.770692825317383,
          -14.480175018310547,
          -14.189658164978027,
          -13.899141311645508,
          -13.608623504638672,
          -13.318106651306152,
          -13.027589797973633,
          -12.737072944641113,
          -12.446556091308594,
          -12.156038284301758,
          -11.865521430969238,
          -11.575004577636719,
          -11.284486770629883,
          -10.993969917297363,
          -10.703453063964844,
          -10.412936210632324,
          -10.122419357299805,
          -9.831901550292969,
          -9.54138469696045,
          -9.25086784362793,
          -8.960350036621094,
          -8.669833183288574,
          -8.379316329956055,
          -8.088799476623535,
          -7.798282146453857,
          -7.50776481628418,
          -7.21724796295166,
          -6.926731109619141,
          -6.636213779449463,
          -6.345696449279785,
          -6.055179595947266,
          -5.764662742614746,
          -5.474145412445068
        ],
        "log_scale": true
      }
    }
  },
  "step_values": {
    "values": [
      