{
  "step": 14,
  "timestamp": "2025-09-03T04:53:44.150663",
  "total_params": 730,
  "exp_avg": {
    "global": {
      "count": 307232768,
      "min": -0.005716167856007814,
      "max": 0.008129987865686417,
      "mean": 3.6457351026975005e-11,
      "std": 1.8590503714221995e-06,
      "all_zero": false,
      "percentiles": {
        "5": -4.1383087960866756e-07,
        "25": -2.671715659038204e-13,
        "50": 5.842108349750838e-19,
        "75": 2.7149642804107435e-13,
        "95": 4.1388159388588974e-07
      },
      "tiny_counts": {
        "1e-12": 169647062,
        "1e-10": 206562434,
        "1e-08": 222156282,
        "1e-06": 293314151
      },
      "zero_count": 0,
      "histogram": {
        "counts": [
          29315,
          42127,
          124423,
          271295,
          643789,
          1363338,
          2408168,
          2849279,
          2937970,
          4111502,
          6210690,
          8976359,
          11994767,
          14642386,
          16393738,
          16817397,
          16030865,
          14540182,
          13079819,
          11914040,
          10970339,
          10115948,
          9219980,
          8249789,
          7218693,
          6177008,
          5205090,
          4354101,
          3568927,
          2946076,
          2491445,
          2239273,
          2457384,
          3547441,
          6230345,
          11166895,
          16518460,
          18195863,
          15939050,
          10142557,
          3761338,
          887456,
          185602,
          47219,
          11795,
          2534,
          520,
          145,
          38,
          8
        ],
        "bin_edges": [
          -19.999988555908203,
          -19.641786575317383,
          -19.283584594726562,
          -18.925384521484375,
          -18.567182540893555,
          -18.208980560302734,
          -17.850778579711914,
          -17.492578506469727,
          -17.134376525878906,
          -16.776174545288086,
          -16.417972564697266,
          -16.059770584106445,
          -15.701569557189941,
          -15.343368530273438,
          -14.985166549682617,
          -14.626964569091797,
          -14.268763542175293,
          -13.910561561584473,
          -13.552360534667969,
          -13.194158554077148,
          -12.835957527160645,
          -12.477755546569824,
          -12.119553565979004,
          -11.7613525390625,
          -11.40315055847168,
          -11.044949531555176,
          -10.686747550964355,
          -10.328546524047852,
          -9.970344543457031,
          -9.612142562866211,
          -9.253941535949707,
          -8.895739555358887,
          -8.537538528442383,
          -8.179336547851562,
          -7.8211350440979,
          -7.462933540344238,
          -7.104732036590576,
          -6.746530532836914,
          -6.388329029083252,
          -6.03012752532959,
          -5.6719255447387695,
          -5.313724040985107,
          -4.955522537231445,
          -4.597321033477783,
          -4.239119529724121,
          -3.88091778755188,
          -3.5227162837982178,
          -3.1645147800445557,
          -2.8063132762908936,
          -2.4481115341186523,
          -2.0899100303649902
        ],
        "log_scale": true
      }
    }
  },
  "exp_avg_sq": {
    "global": {
      "count": 307232768,
      "min": 1.0607773323000292e-39,
      "max": 3.969909812440164e-06,
      "mean": 8.282324479025327e-13,
      "std": 5.764196342461503e-10,
      "all_zero": false,
      "percentiles": {
        "5": 5.024985508277258e-33,
        "25": 1.0436330557278369e-29,
        "50": 8.515622200475813e-26,
        "75": 3.9111805631773626e-15,
        "95": 5.756123117213463e-13
      },
      "tiny_counts": {
        "1e-12": 297539497,
        "1e-10": 307096034,
        "1e-08": 307230900,
        "1e-06": 307232753
      },
      "zero_count": 0,
      "histogram": {
        "counts": [
          206468789,
          2488840,
          1694702,
          1365021,
          1174325,
          1035244,
          915684,
          814856,
          730968,
          665397,
          609631,
          564916,
          545551,
          563361,
          602509,
          759153,
          1298769,
          2591635,
          4583546,
          7133185,
          7518380,
          7519876,
          8182157,
          8621011,
          8598151,
          9643576,
          8348982,
          5437021,
          3201776,
          1776677,
          875291,
          425469,
          211096,
          110921,
          65861,
          41526,
          24528,
          12109,
          5859,
          2871,
          1570,
          904,
          486,
          292,
          136,
          83,
          39,
          24,
          9,
          5
        ],
        "bin_edges": [
          -20.0,
          -19.708024978637695,
          -19.416048049926758,
          -19.124073028564453,
          -18.83209800720215,
          -18.54012107849121,
          -18.248146057128906,
          -17.9561710357666,
          -17.664196014404297,
          -17.37221908569336,
          -17.080244064331055,
          -16.78826904296875,
          -16.496292114257812,
          -16.204317092895508,
          -15.912341117858887,
          -15.620366096496582,
          -15.328390121459961,
          -15.03641414642334,
          -14.744439125061035,
          -14.452463150024414,
          -14.16048812866211,
          -13.868512153625488,
          -13.576536178588867,
          -13.284561157226562,
          -12.992585182189941,
          -12.70060920715332,
          -12.408634185791016,
          -12.116658210754395,
          -11.82468318939209,
          -11.532707214355469,
          -11.240731239318848,
          -10.948756217956543,
          -10.656780242919922,
          -10.364805221557617,
          -10.072829246520996,
          -9.780853271484375,
          -9.48887825012207,
          -9.19690227508545,
          -8.904926300048828,
          -8.612951278686523,
          -8.320975303649902,
          -8.029000282287598,
          -7.737024307250977,
          -7.445048809051514,
          -7.153072834014893,
          -6.86109733581543,
          -6.569121837615967,
          -6.277146339416504,
          -5.985170364379883,
          -5.69319486618042,
          -5.401219367980957
        ],
        "log_scale": true
      }
    }
  },
  "step_values": {
    "values": [
      