{
  "step": 12,
  "timestamp": "2025-09-03T04:45:43.116700",
  "total_params": 730,
  "exp_avg": {
    "global": {
      "count": 307232768,
      "min": -0.005535769741982222,
      "max": 0.0068579367361962795,
      "mean": 5.506476871697252e-11,
      "std": 1.7031875358952675e-06,
      "all_zero": false,
      "percentiles": {
        "5": -4.0923406601223174e-07,
        "25": -2.6027061907595017e-13,
        "50": 7.238881396204817e-19,
        "75": 2.6508377876663727e-13,
        "95": 4.095546060511872e-07
      },
      "tiny_counts": {
        "1e-12": 170138728,
        "1e-10": 207216792,
        "1e-08": 222757982,
        "1e-06": 293467172
      },
      "zero_count": 0,
      "histogram": {
        "counts": [
          18566,
          57106,
          120641,
          257124,
          563427,
          1281244,
          2363242,
          2805034,
          2874458,
          3953176,
          5974584,
          8671693,
          11693948,
          14417784,
          16286995,
          16854172,
          16185092,
          14797655,
          13347747,
          12133355,
          11127914,
          10252329,
          9351702,
          8368209,
          7318769,
          6274049,
          5289454,
          4444211,
          3661969,
          2995273,
          2512452,
          2231948,
          2357217,
          3273289,
          5639139,
          10210582,
          15703136,
          18039219,
          16395067,
          11152691,
          4524620,
          1136748,
          239643,
          58218,
          13955,
          3078,
          623,
          175,
          36,
          10
        ],
        "bin_edges": [
          -19.99996566772461,
          -19.64324188232422,
          -19.28652000427246,
          -18.92979621887207,
          -18.57307243347168,
          -18.216350555419922,
          -17.85962677001953,
          -17.50290298461914,
          -17.146181106567383,
          -16.789457321166992,
          -16.4327335357666,
          -16.07600975036621,
          -15.719287872314453,
          -15.362564086914062,
          -15.005841255187988,
          -14.649117469787598,
          -14.292394638061523,
          -13.93567180633545,
          -13.578948020935059,
          -13.222225189208984,
          -12.86550235748291,
          -12.50877857208252,
          -12.152055740356445,
          -11.795331954956055,
          -11.43860912322998,
          -11.081886291503906,
          -10.725162506103516,
          -10.368439674377441,
          -10.011716842651367,
          -9.654993057250977,
          -9.298270225524902,
          -8.941547393798828,
          -8.584823608398438,
          -8.228100776672363,
          -7.871377468109131,
          -7.514654159545898,
          -7.157930850982666,
          -6.801208019256592,
          -6.444484710693359,
          -6.087761402130127,
          -5.7310380935668945,
          -5.37431526184082,
          -5.017591953277588,
          -4.6608686447143555,
          -4.304145336151123,
          -3.9474222660064697,
          -3.5906991958618164,
          -3.233975887298584,
          -2.8772528171539307,
          -2.5205295085906982,
          -2.163806438446045
        ],
        "log_scale": true
      }
    }
  },
  "exp_avg_sq": {
    "global": {
      "count": 307232768,
      "min": 1.0378717076021758e-39,
      "max": 3.825377007160569e-06,
      "mean": 7.65793461629527e-13,
      "std": 5.295273108885112e-10,
      "all_zero": false,
      "percentiles": {
        "5": 4.4679259536925734e-33,
        "25": 8.997749097917189e-30,
        "50": 6.828233624917305e-26,
        "75": 3.516854750736727e-15,
        "95": 5.426822890803431e-13
      },
      "tiny_counts": {
        "1e-12": 298014518,
        "1e-10": 307104807,
        "1e-08": 307231049,
        "1e-06": 307232754
      },
      "zero_count": 0,
      "histogram": {
        "counts": [
          207485269,
          2443952,
          1657265,
          1333711,
          1146244,
          1007844,
          890980,
          792765,
          710296,
          645630,
          590182,
          546687,
          530259,
          546654,
          584581,
          748205,
          1322018,
          2648424,
          4694301,
          7152102,
          7437133,
          7490875,
          8153354,
          8551542,
          8580103,
          9590988,
          8138337,
          5276329,
          3105333,
          1716030,
          844923,
          410586,
          203231,
          107135,
          63723,
          39619,
          23135,
          11420,
          5473,
          2751,
          1497,
          853,
          473,
          267,
          139,
          76,
          39,
          21,
          10,
          4
        ],
        "bin_edges": [
          -20.0,
          -19.70834732055664,
          -19.41669273376465,
          -19.12504005432129,
          -18.833385467529297,
          -18.541732788085938,
          -18.250078201293945,
          -17.958425521850586,
          -17.666772842407227,
          -17.375118255615234,
          -17.083465576171875,
          -16.791810989379883,
          -16.500158309936523,
          -16.208505630493164,
          -15.916851043701172,
          -15.625197410583496,
          -15.333544731140137,
          -15.041891098022461,
          -14.750237464904785,
          -14.45858383178711,
          -14.166930198669434,
          -13.875276565551758,
          -13.583623886108398,
          -13.291970252990723,
          -13.000316619873047,
          -12.708662986755371,
          -12.417009353637695,
          -12.12535572052002,
          -11.833702087402344,
          -11.542049407958984,
          -11.250395774841309,
          -10.958742141723633,
          -10.667088508605957,
          -10.375434875488281,
          -10.083781242370605,
          -9.792128562927246,
          -9.50047492980957,
          -9.208821296691895,
          -8.917167663574219,
          -8.625514030456543,
          -8.333860397338867,
          -8.042207717895508,
          -7.750553607940674,
          -7.458900451660156,
          -7.1672468185424805,
          -6.875593185424805,
          -6.583940029144287,
          -6.292286396026611,
          -6.0006327629089355,
          -5.708979606628418,
          -5.417325973510742
        ],
        "log_scale": true
      }
    }
  },
  "step_values": {
    "values": [
      