{
  "step": 1,
  "timestamp": "2025-09-03T04:03:08.257034",
  "total_params": 730,
  "exp_avg": {
    "global": {
      "count": 307232768,
      "min": -0.0034676925279200077,
      "max": 0.005972997285425663,
      "mean": 3.331294962105602e-11,
      "std": 1.4620690080846543e-06,
      "all_zero": false,
      "percentiles": {
        "5": -4.223944358727749e-07,
        "25": -1.942843977332468e-13,
        "50": 5.137058886689733e-19,
        "75": 1.9785469242790052e-13,
        "95": 4.225318264161615e-07
      },
      "tiny_counts": {
        "1e-12": 173682611,
        "1e-10": 209852975,
        "1e-08": 224478361,
        "1e-06": 292774795
      },
      "zero_count": 0,
      "histogram": {
        "counts": [
          19964,
          57881,
          107044,
          289534,
          590619,
          1295601,
          2453184,
          2822943,
          2873940,
          4303883,
          6568764,
          9453772,
          12492451,
          15072198,
          16674913,
          16947354,
          16041593,
          14653537,
          13222047,
          11965705,
          10934786,
          10088535,
          9236899,
          8248310,
          7218678,
          6173487,
          5206868,
          4340740,
          3595376,
          2931835,
          2389401,
          2071886,
          2125232,
          2827186,
          4776802,
          8807582,
          14364064,
          17574517,
          16629199,
          12196512,
          5632850,
          1544204,
          321694,
          69939,
          15445,
          2960,
          666,
          143,
          40,
          5
        ],
        "bin_edges": [
          -19.999971389770508,
          -19.644447326660156,
          -19.288925170898438,
          -18.933401107788086,
          -18.577878952026367,
          -18.222354888916016,
          -17.866830825805664,
          -17.511308670043945,
          -17.155784606933594,
          -16.800262451171875,
          -16.444738388061523,
          -16.089216232299805,
          -15.733692169189453,
          -15.378169059753418,
          -15.022645950317383,
          -14.667121887207031,
          -14.311598777770996,
          -13.956075668334961,
          -13.600552558898926,
          -13.24502944946289,
          -12.889505386352539,
          -12.533982276916504,
          -12.178459167480469,
          -11.822936058044434,
          -11.467412948608398,
          -11.111889839172363,
          -10.756365776062012,
          -10.400842666625977,
          -10.045319557189941,
          -9.689796447753906,
          -9.334273338317871,
          -8.978750228881836,
          -8.623226165771484,
          -8.26770305633545,
          -7.912179946899414,
          -7.556656837463379,
          -7.2011332511901855,
          -6.84561014175415,
          -6.490087032318115,
          -6.134563446044922,
          -5.779040336608887,
          -5.423517227172852,
          -5.067993640899658,
          -4.712470531463623,
          -4.356947422027588,
          -4.0014238357543945,
          -3.6459007263183594,
          -3.290377378463745,
          -2.934854030609131,
          -2.5793309211730957,
          -2.2238075733184814
        ],
        "log_scale": true
      }
    }
  },
  "exp_avg_sq": {
    "global": {
      "count": 307232768,
      "min": 2.8837461227186843e-40,
      "max": 2.447004590067081e-06,
      "mean": 4.3759486594192876e-13,
      "std": 3.1787875109934305e-10,
      "all_zero": false,
      "percentiles": {
        "5": 1.2847902268076605e-33,
        "25": 2.2234954777300963e-30,
        "50": 1.504165769559613e-26,
        "75": 1.88594474450615e-15,
        "95": 3.695112873449897e-13
      },
      "tiny_counts": {
        "1e-12": 300641640,
        "1e-10": 307156142,
        "1e-08": 307231818,
        "1e-06": 307232762
      },
      "zero_count": 0,
      "histogram": {
        "counts": [
          212166305,
          2072515,
          1382709,
          1103718,
          936317,
          815306,
          716778,
          640767,
          581150,
          535070,
          497518,
          470855,
          473390,
          491260,
          559223,
          820541,
          1614651,
          3080268,
          5251151,
          7057552,
          7183134,
          7415148,
          7974782,
          8168097,
          8448196,
          8990629,
          7252025,
          4705655,
          2782297,
          1522096,
          757124,
          371601,
          182042,
          93261,
          53981,
          31850,
          16746,
          8168,
          4117,
          2110,
          1218,
          644,
          379,
          189,
          111,
          63,
          32,
          17,
          8,
          4
        ],
        "bin_edges": [
          -20.0,
          -19.71222686767578,
          -19.424453735351562,
          -19.136682510375977,
          -18.848909378051758,
          -18.56113624572754,
          -18.27336311340332,
          -17.985591888427734,
          -17.697818756103516,
          -17.410045623779297,
          -17.122272491455078,
          -16.834501266479492,
          -16.546728134155273,
          -16.258955001831055,
          -15.971181869506836,
          -15.683409690856934,
          -15.395636558532715,
          -15.107864379882812,
          -14.820091247558594,
          -14.532319068908691,
          -14.244545936584473,
          -13.95677375793457,
          -13.669000625610352,
          -13.38122844696045,
          -13.09345531463623,
          -12.805683135986328,
          -12.51791000366211,
          -12.23013687133789,
          -11.942364692687988,
          -11.65459156036377,
          -11.366819381713867,
          -11.079046249389648,
          -10.791274070739746,
          -10.503500938415527,
          -10.215728759765625,
          -9.927955627441406,
          -9.640183448791504,
          -9.352410316467285,
          -9.064637184143066,
          -8.776865005493164,
          -8.489091873168945,
          -8.201319694519043,
          -7.913547039031982,
          -7.625774383544922,
          -7.338001251220703,
          -7.050228595733643,
          -6.762455940246582,
          -6.4746832847595215,
          -6.186910629272461,
          -5.8991379737854,
          -5.61136531829834
        ],
        "log_scale": true
      }
    }
  },
  "step_values": {
    "values": [
      