{
  "step": 7,
  "timestamp": "2025-09-03T04:26:18.731802",
  "total_params": 730,
  "exp_avg": {
    "global": {
      "count": 307232768,
      "min": -0.005190535914152861,
      "max": 0.007319849915802479,
      "mean": 4.994519728351854e-11,
      "std": 1.6160491895789164e-06,
      "all_zero": false,
      "percentiles": {
        "5": -4.1149659466555013e-07,
        "25": -2.376931388260034e-13,
        "50": 8.965827203074518e-19,
        "75": 2.4410517823671846e-13,
        "95": 4.117239200240847e-07
      },
      "tiny_counts": {
        "1e-12": 171159098,
        "1e-10": 208319021,
        "1e-08": 223698488,
        "1e-06": 293302763
      },
      "zero_count": 0,
      "histogram": {
        "counts": [
          23999,
          55947,
          92306,
          253451,
          642350,
          1239438,
          2380450,
          2772818,
          2857453,
          4034592,
          6130781,
          8905174,
          12007856,
          14782994,
          16571230,
          17006612,
          16259760,
          14863129,
          13324253,
          12033267,
          11021333,
          10163809,
          9285724,
          8336078,
          7309664,
          6272336,
          5303802,
          4435102,
          3658473,
          2977707,
          2458828,
          2197682,
          2334162,
          3224860,
          5600317,
          10220433,
          15713455,
          17921446,
          16142471,
          10807172,
          4277358,
          1050297,
          215467,
          52213,
          11569,
          2441,
          545,
          124,
          33,
          7
        ],
        "bin_edges": [
          -19.999948501586914,
          -19.64266014099121,
          -19.285369873046875,
          -18.928081512451172,
          -18.57079315185547,
          -18.213502883911133,
          -17.85621452331543,
          -17.498926162719727,
          -17.14163589477539,
          -16.784347534179688,
          -16.427059173583984,
          -16.06976890563965,
          -15.712480545043945,
          -15.355191230773926,
          -14.997901916503906,
          -14.640613555908203,
          -14.283324241638184,
          -13.926034927368164,
          -13.568746566772461,
          -13.211457252502441,
          -12.854167938232422,
          -12.496879577636719,
          -12.1395902633667,
          -11.78230094909668,
          -11.425012588500977,
          -11.067723274230957,
          -10.710433959960938,
          -10.353145599365234,
          -9.995856285095215,
          -9.638566970825195,
          -9.281277656555176,
          -8.923989295959473,
          -8.566699981689453,
          -8.209410667419434,
          -7.852121829986572,
          -7.494832992553711,
          -7.13754415512085,
          -6.78025484085083,
          -6.422966003417969,
          -6.065677165985107,
          -5.708387851715088,
          -5.351099014282227,
          -4.993809700012207,
          -4.636520862579346,
          -4.279232025146484,
          -3.921942949295044,
          -3.5646538734436035,
          -3.207364797592163,
          -2.8500757217407227,
          -2.4927868843078613,
          -2.135497808456421
        ],
        "log_scale": true
      }
    }
  },
  "exp_avg_sq": {
    "global": {
      "count": 307232768,
      "min": 9.752140480683559e-40,
      "max": 3.3440455808886327e-06,
      "mean": 6.159964031915433e-13,
      "std": 4.399647868247314e-10,
      "all_zero": false,
      "percentiles": {
        "5": 2.8791037833224734e-33,
        "25": 5.361007590569186e-30,
        "50": 3.861669343316016e-26,
        "75": 2.717049872462044e-15,
        "95": 4.651228946266073e-13
      },
      "tiny_counts": {
        "1e-12": 299165796,
        "1e-10": 307126784,
        "1e-08": 307231398,
        "1e-06": 307232757
      },
      "zero_count": 0,
      "histogram": {
        "counts": [
          209544929,
          2325239,
          1568804,
          1256317,
          1072056,
          943402,
          832582,
          742464,
          667262,
          605082,
          549681,
          507187,
          495662,
          508628,
          554096,
          752657,
          1431902,
          2832857,
          4973982,
          7151288,
          7298334,
          7454813,
          8101181,
          8389570,
          8552758,
          9382346,
          7689205,
          4949767,
          2913862,
          1595524,
          784534,
          382993,
          188875,
          98634,
          58680,
          35603,
          20071,
          9758,
          4735,
          2436,
          1359,
          746,
          424,
          237,
          105,
          73,
          36,
          20,
          7,
          5
        ],
        "bin_edges": [
          -20.0,
          -19.709514617919922,
          -19.419029235839844,
          -19.128543853759766,
          -18.838058471679688,
          -18.54757308959961,
          -18.25708770751953,
          -17.966602325439453,
          -17.676116943359375,
          -17.385631561279297,
          -17.09514617919922,
          -16.80466079711914,
          -16.514175415039062,
          -16.223690032958984,
          -15.93320369720459,
          -15.642718315124512,
          -15.352232933044434,
          -15.061747550964355,
          -14.771262168884277,
          -14.4807767868042,
          -14.190291404724121,
          -13.899806022644043,
          -13.609320640563965,
          -13.318835258483887,
          -13.028349876403809,
          -12.737863540649414,
          -12.447378158569336,
          -12.156892776489258,
          -11.86640739440918,
          -11.575922012329102,
          -11.285436630249023,
          -10.994951248168945,
          -10.704465866088867,
          -10.413980484008789,
          -10.123495101928711,
          -9.833009719848633,
          -9.542524337768555,
          -9.252038955688477,
          -8.961553573608398,
          -8.67106819152832,
          -8.380582809448242,
          -8.090097427368164,
          -7.799611568450928,
          -7.50912618637085,
          -7.2186408042907715,
          -6.928155422210693,
          -6.637669563293457,
          -6.347184181213379,
          -6.056698799133301,
          -5.766213417053223,
          -5.4757280349731445
        ],
        "log_scale": true
      }
    }
  },
  "step_values": {
    "values": [
      