{
  "paths": {
    "csv_path": "/content/drive/MyDrive/RL_Practice_Files/good_cvs_20250915_0000/run_02/cv_20250915_001413/cv_per_seq.csv",
    "feature_stats_path": "/content/drive/MyDrive/RL_Practice_Files/good_cvs_20250915_0000/run_02/cv_20250915_001413/cv_feature_stats.csv",
    "summary_path": "/content/drive/MyDrive/RL_Practice_Files/good_cvs_20250915_0000/run_02/cv_20250915_001413/cv_summary.json",
    "plot_wjlogp_sum": "/content/drive/MyDrive/RL_Practice_Files/good_cvs_20250915_0000/run_02/cv_20250915_001413/scatter_wjlogp_sum.png",
    "plot_jH_sum": "/content/drive/MyDrive/RL_Practice_Files/good_cvs_20250915_0000/run_02/cv_20250915_001413/scatter_jH_sum.png",
    "plot_var_logp": "/content/drive/MyDrive/RL_Practice_Files/good_cvs_20250915_0000/run_02/cv_20250915_001413/scatter_var_logp.png",
    "plot_hist_yi": "/content/drive/MyDrive/RL_Practice_Files/good_cvs_20250915_0000/run_02/cv_20250915_001413/hist_yi.png"
  },
  "summary": {
    "n_seqs": 512,
    "normalization": "per_token",
    "mean_gdotv": -0.7468878505128045,
    "var_gdotv": 99.48537849425936,
    "corr": {
      "length_log": 0.1243780842362027,
      "sum_w": 0.05383456626189466,
      "sum_w2": 0.03641595839738844,
      "rb_entropy_sum": 0.011031076298578274,
      "var_logp": -0.2480257272244824
    },
    "ols_beta": {
      "length_log": 0.7730545559526355,
      "sum_w": 0.0007140657667418269,
      "sum_w2": -2.6793530258473797e-06,
      "rb_entropy_sum": 0.029581982734147194,
      "var_logp": -5.229801504013469
    },
    "var_after_cv": {
      "length_log": 0.9845300921617319,
      "sum_w": 0.9971018394753934,
      "sum_w2": 0.9986738779739995,
      "rb_entropy_sum": 0.9998783153556947,
      "var_logp": 0.9384832386347665
    },
    "var_after_cv_joint": 0.9050676393292684,
    "diagnostics": {
      "features": [
        "length_log",
        "sum_w",
        "sum_w2",
        "rb_entropy_sum",
        "var_logp"
      ],
      "features_all": [
        "length",
        "sum_logp",
        "mean_logp",
        "var_logp",
        "max_logp",
        "min_logp",
        "surprisal_sum",
        "surprisal_mean",
        "length_inv",
        "length_log",
        "rb_entropy_sum",
        "rb_entropy_mean",
        "sum_w",
        "sum_w2",
        "sum_w_abs",
        "wjlogp_sum",
        "jH_sum",
        "sum_abs_jlogp",
        "mean_abs_jlogp",
        "token_share",
        "length_x_surprisal_mean",
        "length_x_rb_entropy_mean"
      ],
      "ridge": 1e-08,
      "crossfit_folds": 0,
      "y_mean": -0.7468878505128045,
      "gdotv_batch": -382.4065794625559,
      "var_batch": 0.19430737987160032,
      "se_batch": 0.44080310782888127,
      "se_batch_after_cv": {
        "length_log": 0.43738022659088205,
        "sum_w": 0.4401638852673135,
        "sum_w2": 0.4405107315098443,
        "rb_entropy_sum": 0.44077628752825937,
        "var_logp": 0.42702952960250334
      },
      "se_batch_after_cv_joint": 0.4193582258697744,
      "all_features_stats": {
        "corr": {
          "length": 0.13674395263370034,
          "sum_logp": 0.09499387178898329,
          "mean_logp": 0.21702571970319434,
          "var_logp": -0.2480257272244824,
          "max_logp": 0.06009436159571027,
          "min_logp": 0.10424364892465628,
          "surprisal_sum": -0.09499387178898329,
          "surprisal_mean": -0.21702571970319434,
          "length_inv": -0.10842635988729304,
          "length_log": 0.1243780842362027,
          "rb_entropy_sum": 0.011031076298578274,
          "rb_entropy_mean": -0.10313485475941084,
          "sum_w": 0.05383456626189466,
          "sum_w2": 0.03641595839738844,
          "sum_w_abs": 0.05383456626189466,
          "wjlogp_sum": 0.9990626864580824,
          "jH_sum": -0.3768488599301628,
          "sum_abs_jlogp": 0.029738260388344658,
          "mean_abs_jlogp": -0.10557561409182739,
          "token_share": 0.13674395263370037,
          "length_x_surprisal_mean": -0.09499387178898328,
          "length_x_rb_entropy_mean": 0.011031076298578274
        },
        "var_ratio_single": {
          "length": 0.9813010914181123,
          "sum_logp": 0.9909761643225382,
          "mean_logp": 0.9528998369873105,
          "var_logp": 0.9384832386347665,
          "max_logp": 0.9963892741321304,
          "min_logp": 0.9891332616588729,
          "surprisal_sum": 0.9909761643225382,
          "surprisal_mean": 0.9528998369873105,
          "length_inv": 0.9882437244816191,
          "length_log": 0.9845300921617319,
          "rb_entropy_sum": 0.9998783153556947,
          "rb_entropy_mean": 0.9893632017337551,
          "sum_w": 0.9971018394753934,
          "sum_w2": 0.9986738779739995,
          "sum_w_abs": 0.9971018394753934,
          "wjlogp_sum": 0.0018737485271591871,
          "jH_sum": 0.8579849367693364,
          "sum_abs_jlogp": 0.9991156358690749,
          "mean_abs_jlogp": 0.9888537897091335,
          "token_share": 0.981301091487445,
          "length_x_surprisal_mean": 0.9909761643225382,
          "length_x_rb_entropy_mean": 0.9998783153556947
        },
        "se_after_single": {
          "length": 0.4366623912573593,
          "sum_logp": 0.43880973326114914,
          "mean_logp": 0.4302969563046889,
          "var_logp": 0.42702952960250334,
          "max_logp": 0.4400065785744345,
          "min_logp": 0.4384015196332988,
          "surprisal_sum": 0.43880973326114914,
          "surprisal_mean": 0.4302969563046889,
          "length_inv": 0.4382043459147514,
          "length_log": 0.43738022659088205,
          "rb_entropy_sum": 0.44077628752825937,
          "rb_entropy_mean": 0.4384524734452567,
          "sum_w": 0.4401638852673135,
          "sum_w2": 0.4405107315098443,
          "sum_w_abs": 0.4401638852673135,
          "wjlogp_sum": 0.019080963467565566,
          "jH_sum": 0.4083047942811233,
          "sum_abs_jlogp": 0.440608149487124,
          "mean_abs_jlogp": 0.43833958177933713,
          "token_share": 0.4366623912727852,
          "length_x_surprisal_mean": 0.43880973326114914,
          "length_x_rb_entropy_mean": 0.44077628752825937
        },
        "rank_top_abs_corr": [
          "wjlogp_sum",
          "jH_sum",
          "var_logp",
          "mean_logp",
          "surprisal_mean",
          "token_share",
          "length",
          "length_log",
          "length_inv",
          "mean_abs_jlogp",
          "min_logp",
          "rb_entropy_mean",
          "sum_logp",
          "surprisal_sum",
          "length_x_surprisal_mean",
          "max_logp",
          "sum_w",
          "sum_w_abs",
          "sum_w2",
          "sum_abs_jlogp",
          "rb_entropy_sum",
          "length_x_rb_entropy_mean"
        ],
        "rank_top_var_reduction": [
          "wjlogp_sum",
          "jH_sum",
          "var_logp",
          "mean_logp",
          "surprisal_mean",
          "length",
          "token_share",
          "length_log",
          "length_inv",
          "mean_abs_jlogp",
          "min_logp",
          "rb_entropy_mean",
          "sum_logp",
          "surprisal_sum",
          "length_x_surprisal_mean",
          "max_logp",
          "sum_w",
          "sum_w_abs",
          "sum_w2",
          "sum_abs_jlogp",
          "rb_entropy_sum",
          "length_x_rb_entropy_mean"
        ]
      },
      "meta": {
        "B_total": 512,
        "T_total": 53225,
        "scale": 1.8788163457022078e-05,
        "normalization": "per_token",
        "baseline_kind": "hk_ema",
        "total_tokens_used": 53225
      }
    }
  },
  "v_stats": {
    "method": "adamw_from_grads",
    "vec_norm": 2431.3005336823044,
    "num_params": 392,
    "avg_mb_loss": -0.00025698569919541114,
    "num_microbatches": 64,
    "amp": {
      "enabled": false,
      "dtype": "bfloat16"
    }
  },
  "timing_sec": {
    "total": 554.7903733253479,
    "sampling": 217.28601813316345,
    "update_vector": 24.1400203704834,
    "cv_analysis": 305.6233105659485
  },